# Плотный пиксельный стиль (фактор 1: 1 арт-пиксель = 1 CSS px, на Retina = 2 device px): те же модели и параметры, что в dota_manifest_px.tsv, но кадр вдвое больше при том же --world — вдвое детальнее (просьба владельца 2026-09-06). SPRITES=…/dota_px2 bash dota_pipeline.sh dota_manifest_px2.tsv
juggernaut	models/heroes/juggernaut/juggernaut.vmdl_c	--dirs 8 --frame 160 --world 160 --margin 1.4 --fps 12 --max-frames 12 --pixel --anims cast=cast@0-0.75,walk=run_run,idle=idle,attack=attack@0.12-0.7,death=death,spin=attack_spin	models/heroes/juggernaut/juggernaut_pants.vmdl_c,models/heroes/juggernaut/jugg_mask.vmdl_c,models/heroes/juggernaut/jugg_sword.vmdl_c,models/heroes/juggernaut/jugg_bracers.vmdl_c,models/heroes/juggernaut/jugg_cape.vmdl_c
kobold	models/creeps/neutral_creeps/n_creep_kobold/kobold_a/n_creep_kobold_a.vmdl_c	--dirs 4 --frame 96 --world 96 --fps 10 --pixel --anims walk=run,idle=idle,attack=attack@0.1-0.75,death=death
roshan	models/creeps/roshan/roshan.vmdl_c	--dirs 4 --frame 160 --world 160 --fps 10 --max-frames 10 --pixel --light 1.5 --anims walk=roshan_run,idle=roshan_idle,attack=roshan_attack@0.1-0.75,death=roshan_die
kobold_foreman	models/creeps/neutral_creeps/n_creep_kobold/kobold_c/n_creep_kobold_c.vmdl_c	--dirs 4 --frame 96 --world 96 --fps 10 --max-frames 10 --pixel --anims walk=run,idle=idle,attack=attack@0.1-0.75,death=death
hill_troll	models/creeps/neutral_creeps/n_creep_forest_trolls/n_creep_forest_troll_berserker.vmdl_c	--dirs 4 --frame 96 --world 96 --fps 10 --max-frames 10 --pixel --anims walk=run,idle=idle,attack=attack@0.1-0.75,death=death	models/creeps/neutral_creeps/n_creep_forest_trolls/n_creep_forest_troll_berserker_axe.vmdl_c
satyr	models/creeps/neutral_creeps/n_creep_satyr_b/n_creep_satyr_b.vmdl_c	--dirs 4 --frame 96 --world 96 --fps 10 --max-frames 10 --pixel --light 1.2 --anims walk=run,idle=idle,attack=attack@0.1-0.75,death=death
ogre	models/creeps/neutral_creeps/n_creep_ogre_med/n_creep_ogre_med.vmdl_c	--dirs 4 --frame 128 --world 128 --fps 10 --max-frames 10 --pixel --anims walk=run,idle=idle,attack=attack@0.1-0.75,death=death
centaur_creep	models/creeps/neutral_creeps/n_creep_centaur_lrg/n_creep_centaur_lrg.vmdl_c	--dirs 4 --frame 128 --world 128 --fps 10 --max-frames 10 --pixel --anims cast=cast@0-0.75,walk=run,idle=idle,attack=attack@0.1-0.75,death=death
wildwing	models/creeps/neutral_creeps/n_creep_gargoyle/n_creep_gargoyle.vmdl_c	--dirs 4 --frame 128 --world 128 --fps 10 --max-frames 10 --pixel --anims walk=run,idle=idle,attack=attack@0.1-0.75,death=death
dark_troll	models/creeps/neutral_creeps/n_creep_troll_dark_b/n_creep_troll_dark_b.vmdl_c	--dirs 4 --frame 96 --world 96 --fps 10 --max-frames 10 --pixel --light 1.2 --anims walk=run,idle=idle,attack=attack@0.1-0.75,death=death
lane_creep	models/creeps/lane_creeps/creep_radiant_melee/radiant_melee.vmdl_c	--dirs 4 --frame 96 --world 96 --fps 10 --max-frames 10 --pixel --anims walk=run,idle=idle,attack=attack@0.1-0.75,death=death
siege_creep	models/creeps/lane_creeps/creep_good_siege/creep_good_siege.vmdl_c	--dirs 4 --frame 128 --world 128 --fps 10 --max-frames 10 --pixel --anims walk=run,idle=idle,attack=attack@0.1-0.75
tree_oak	models/props_tree/tree_oak_01.vmdl_c	--dirs 1 --frame 192 --world 192 --max-frames 1 --pixel --anims idle=idle
tree_pine	models/props_tree/armandpine/armandpine_01.vmdl_c	--dirs 1 --frame 192 --world 192 --max-frames 1 --pixel --anims idle=idle
rock	models/props_nature/rock_ground001.vmdl_c	--dirs 1 --frame 96 --world 96 --max-frames 1 --pixel --anims idle=idle
ancient	models/props_structures/good_ancient001.vmdl_c	--dirs 1 --frame 256 --world 256 --max-frames 1 --pixel --anims idle=idle
hellbear	models/creeps/neutral_creeps/n_creep_beast/n_creep_beast.vmdl_c	--dirs 4 --frame 128 --world 128 --fps 10 --max-frames 10 --pixel --anims walk=run,idle=idle,attack=attack@0.1-0.75,death=die
golem	models/creeps/neutral_creeps/n_creep_golem_a/neutral_creep_golem_a.vmdl_c	--dirs 4 --frame 128 --world 128 --fps 10 --max-frames 10 --pixel --anims walk=run,idle=idle,attack=attack@0.1-0.75,death=dieAlt
phantom_assassin	models/heroes/phantom_assassin/phantom_assassin.vmdl_c	--dirs 8 --frame 160 --world 160 --margin 1.4 --fps 12 --max-frames 12 --pixel --light 1.4 --anims cast=cast@0-0.75,walk=run,idle=idle,attack=attack@0.12-0.7,death=death	models/heroes/phantom_assassin/phantom_assassin_cape.vmdl_c,models/heroes/phantom_assassin/phantom_assassin_daggers.vmdl_c,models/heroes/phantom_assassin/phantom_assassin_helmet.vmdl_c,models/heroes/phantom_assassin/phantom_assassin_shoulders.vmdl_c,models/heroes/phantom_assassin/phantom_assassin_weapon.vmdl_c
anti_mage	models/heroes/antimage/antimage.vmdl_c	--dirs 8 --frame 160 --world 160 --margin 1.4 --fps 12 --max-frames 12 --pixel --anims cast=cast@0-0.75,walk=run,idle=idle,attack=attack@0.12-0.7,death=death	models/heroes/antimage/antimage_arms.vmdl_c,models/heroes/antimage/antimage_belt.vmdl_c,models/heroes/antimage/antimage_chest.vmdl_c,models/heroes/antimage/antimage_head.vmdl_c,models/heroes/antimage/antimage_offhand_weapon.vmdl_c,models/heroes/antimage/antimage_weapon.vmdl_c
lina	models/heroes/lina/lina.vmdl_c	--dirs 8 --frame 160 --world 160 --margin 1.4 --fps 12 --max-frames 12 --pixel --anims cast=cast@0-0.75,walk=run,idle=idle,attack=attack@0.12-0.7,death=death	models/heroes/lina/lina_arms.vmdl_c,models/heroes/lina/lina_belt.vmdl_c,models/heroes/lina/lina_head.vmdl_c,models/heroes/lina/lina_neck.vmdl_c
lich	models/heroes/lich/lich.vmdl_c	--dirs 8 --frame 160 --world 160 --margin 1.4 --fps 12 --max-frames 12 --pixel --anims cast=cast@0-0.75,walk=run,idle=idle,attack=attack@0.12-0.7,death=death	models/heroes/lich/lich_bracer.vmdl_c,models/heroes/lich/lich_dress.vmdl_c,models/heroes/lich/lich_horns.vmdl_c,models/heroes/lich/lich_neck_rock.vmdl_c
drow_ranger	models/heroes/drow/drow_base.vmdl_c	--dirs 8 --frame 160 --world 160 --margin 1.4 --fps 12 --max-frames 12 --pixel --anims cast=cast@0-0.75,walk=run,idle=idle,attack=attack@0.12-0.7,death=death	models/heroes/drow/drow_armor.vmdl_c,models/heroes/drow/drow_bracer.vmdl_c,models/heroes/drow/drow_cape.vmdl_c,models/heroes/drow/drow_haircowl.vmdl_c,models/heroes/drow/drow_legs.vmdl_c,models/heroes/drow/drow_quiver.vmdl_c,models/heroes/drow/drow_weapon.vmdl_c
windranger	models/heroes/windrunner/windrunner.vmdl_c	--dirs 8 --frame 160 --world 160 --margin 1.4 --fps 12 --max-frames 12 --pixel --anims cast=cast@0-0.75,walk=run,idle=idle,attack=attack@0.12-0.7,death=death	models/heroes/windrunner/windrunner_bow.vmdl_c,models/heroes/windrunner/windrunner_cape.vmdl_c,models/heroes/windrunner/windrunner_head.vmdl_c,models/heroes/windrunner/windrunner_quiver.vmdl_c,models/heroes/windrunner/windrunner_shoulderpads.vmdl_c
bristleback	models/heroes/bristleback/bristleback.vmdl_c	--dirs 8 --frame 160 --world 160 --margin 1.4 --fps 12 --max-frames 12 --pixel --anims cast=cast@0-0.75,walk=run,idle=idle,attack=attack@0.12-0.7,death=death	models/heroes/bristleback/bristleback_back.vmdl_c,models/heroes/bristleback/bristleback_bracer.vmdl_c,models/heroes/bristleback/bristleback_head.vmdl_c,models/heroes/bristleback/bristleback_necklace.vmdl_c,models/heroes/bristleback/bristleback_offhand_weapon.vmdl_c,models/heroes/bristleback/bristleback_weapon.vmdl_c
sven	models/heroes/sven/sven.vmdl_c	--dirs 8 --frame 160 --world 160 --margin 1.4 --fps 12 --max-frames 12 --pixel --anims cast=cast@0-0.75,walk=run,idle=idle,attack=attack@0.12-0.7,death=death	models/heroes/sven/sven_belt.vmdl_c,models/heroes/sven/sven_gauntlet.vmdl_c,models/heroes/sven/sven_mask.vmdl_c,models/heroes/sven/sven_shoulder.vmdl_c,models/heroes/sven/sven_sword.vmdl_c
storm_spirit	models/heroes/storm_spirit/storm_spirit.vmdl_c	--dirs 8 --frame 160 --world 160 --margin 1.4 --fps 12 --max-frames 12 --pixel --anims cast=cast@0-0.75,walk=run,idle=idle,attack=attack@0.12-0.7,death=death	models/heroes/storm_spirit/storm_hat.vmdl_c,models/heroes/storm_spirit/storm_shirt.vmdl_c,models/heroes/storm_spirit/storm_shoulder.vmdl_c
leshrac	models/heroes/leshrac/leshrac.vmdl_c	--dirs 8 --frame 160 --world 160 --margin 1.4 --fps 12 --max-frames 12 --pixel --anims cast=cast@0-0.75,walk=run,idle=idle,attack=attack@0.12-0.7,death=death	models/heroes/leshrac/leshrac_armor.vmdl_c,models/heroes/leshrac/leshrac_arms.vmdl_c,models/heroes/leshrac/leshrac_head.vmdl_c,models/heroes/leshrac/leshrac_tail.vmdl_c
faceless_void	models/heroes/faceless_void/faceless_void.vmdl_c	--dirs 8 --frame 160 --world 160 --margin 1.4 --fps 12 --max-frames 12 --pixel --light 1.3 --anims cast=cast@0-0.75,walk=run,idle=idle,attack=attack@0.12-0.7,death=death	models/heroes/faceless_void/faceless_void_belt.vmdl_c,models/heroes/faceless_void/faceless_void_body.vmdl_c,models/heroes/faceless_void/faceless_void_bracer.vmdl_c,models/heroes/faceless_void/faceless_void_head.vmdl_c,models/heroes/faceless_void/faceless_void_shoulder.vmdl_c,models/heroes/faceless_void/faceless_void_weapon.vmdl_c
ursa	models/heroes/ursa/ursa.vmdl_c	--dirs 8 --frame 160 --world 160 --margin 1.4 --fps 12 --max-frames 12 --pixel --anims cast=cast@0-0.75,walk=run,idle=idle,attack=attack@0.12-0.7,death=death	models/heroes/ursa/bracers.vmdl_c,models/heroes/ursa/fur.vmdl_c,models/heroes/ursa/helmet.vmdl_c,models/heroes/ursa/skirt.vmdl_c
lion	models/heroes/lion/lion.vmdl_c	--dirs 8 --frame 160 --world 160 --margin 1.4 --fps 12 --max-frames 12 --pixel --anims cast=cast@0-0.75,walk=run,idle=idle,attack=attack@0.12-0.7,death=death	models/heroes/lion/lion_cape.vmdl_c,models/heroes/lion/lion_demonarm.vmdl_c,models/heroes/lion/lion_hat.vmdl_c,models/heroes/lion/lion_shoulder.vmdl_c,models/heroes/lion/lion_weapon.vmdl_c
shadow_fiend	models/heroes/nevermore/nevermore.vmdl_c	--dirs 8 --frame 160 --world 160 --margin 1.4 --fps 12 --max-frames 12 --pixel --light 1.7 --anims cast=cast@0-0.75,walk=run,idle=idle,attack=attack@0.12-0.7,death=death
pugna	models/heroes/pugna/pugna.vmdl_c	--dirs 8 --frame 160 --world 160 --margin 1.4 --fps 12 --max-frames 12 --pixel --anims cast=cast@0-0.75,walk=run,idle=idle,attack=attack@0.12-0.7,death=death	models/heroes/pugna/pugna_belt.vmdl_c,models/heroes/pugna/pugna_bracers.vmdl_c,models/heroes/pugna/pugna_cape.vmdl_c,models/heroes/pugna/pugna_head.vmdl_c,models/heroes/pugna/pugna_shoulder.vmdl_c,models/heroes/pugna/pugna_weapon.vmdl_c
invoker	models/heroes/invoker/invoker.vmdl_c	--dirs 8 --frame 160 --world 160 --margin 1.4 --fps 12 --max-frames 12 --pixel --anims cast=cast@0-0.75,walk=run,idle=idle,attack=attack@0.12-0.7,death=death	models/heroes/invoker/invoker_bracer.vmdl_c,models/heroes/invoker/invoker_cape.vmdl_c,models/heroes/invoker/invoker_dress.vmdl_c,models/heroes/invoker/invoker_hair.vmdl_c,models/heroes/invoker/invoker_head.vmdl_c,models/heroes/invoker/invoker_shoulder.vmdl_c
tidehunter	models/heroes/tidehunter/tidehunter.vmdl_c	--dirs 8 --frame 160 --world 160 --margin 1.4 --fps 12 --max-frames 12 --pixel --anims cast=cast@0-0.75,walk=run,idle=idle,attack=attack@0.12-0.7,death=death	models/heroes/tidehunter/tidehunter_anchor.vmdl_c,models/heroes/tidehunter/tidehunter_belt.vmdl_c,models/heroes/tidehunter/tidehunter_bracer.vmdl_c
mirana	models/heroes/mirana/mirana.vmdl_c	--dirs 8 --frame 160 --world 160 --margin 1.4 --fps 12 --max-frames 12 --pixel --anims cast=cast@0-0.75,walk=run,idle=idle,attack=attack@0.12-0.7,death=death	models/heroes/mirana/bow.vmdl_c,models/heroes/mirana/bracers.vmdl_c,models/heroes/mirana/cape.vmdl_c,models/heroes/mirana/head_item.vmdl_c,models/heroes/mirana/mount.vmdl_c,models/heroes/mirana/quiver.vmdl_c,models/heroes/mirana/shoulders.vmdl_c
clinkz	models/heroes/clinkz/clinkz.vmdl_c	--dirs 8 --frame 160 --world 160 --margin 1.4 --fps 12 --max-frames 12 --pixel --light 1.3 --anims cast=cast@0-0.75,walk=run,idle=idle,attack=attack@0.12-0.7,death=death	models/heroes/clinkz/clinkz_back.vmdl_c,models/heroes/clinkz/clinkz_bow.vmdl_c,models/heroes/clinkz/clinkz_gloves.vmdl_c,models/heroes/clinkz/clinkz_head.vmdl_c,models/heroes/clinkz/clinkz_horns.vmdl_c,models/heroes/clinkz/clinkz_pads.vmdl_c
axe	models/heroes/axe/axe.vmdl_c	--dirs 8 --frame 160 --world 160 --margin 1.4 --fps 12 --max-frames 12 --pixel --anims cast=cast@0-0.75,walk=run,idle=idle,attack=attack@0.12-0.7,death=death	models/heroes/axe/axe_armor.vmdl_c,models/heroes/axe/axe_belt.vmdl_c,models/heroes/axe/axe_hair.vmdl_c,models/heroes/axe/axe_ponytail.vmdl_c,models/heroes/axe/axe_weapon.vmdl_c
crystal_maiden	models/heroes/crystal_maiden/crystal_maiden.vmdl_c	--dirs 8 --frame 160 --world 160 --margin 1.4 --fps 12 --max-frames 12 --pixel --anims cast=cast@0-0.75,walk=run,idle=idle,attack=attack@0.12-0.7,death=death	models/heroes/crystal_maiden/crystal_maiden_cape.vmdl_c,models/heroes/crystal_maiden/crystal_maiden_cuffs.vmdl_c,models/heroes/crystal_maiden/crystal_maiden_shoulders.vmdl_c,models/heroes/crystal_maiden/crystal_maiden_staff.vmdl_c,models/heroes/crystal_maiden/head_item.vmdl_c
sniper	models/heroes/sniper/sniper.vmdl_c	--dirs 8 --frame 160 --world 160 --margin 1.4 --fps 12 --max-frames 12 --pixel --anims cast=cast@0-0.75,walk=run,idle=idle,attack=attack@0.12-0.7,death=death	models/heroes/sniper/bracer.vmdl_c,models/heroes/sniper/cape.vmdl_c,models/heroes/sniper/headitem.vmdl_c,models/heroes/sniper/shoulder.vmdl_c,models/heroes/sniper/weapon.vmdl_c
zeus	models/heroes/zeus/zeus.vmdl_c	--dirs 8 --frame 160 --world 160 --margin 1.4 --fps 12 --max-frames 12 --pixel --anims cast=cast@0-0.75,walk=run,idle=idle,attack=attack@0.12-0.7,death=death	models/heroes/zeus/zeus_belt.vmdl_c,models/heroes/zeus/zeus_bracers.vmdl_c,models/heroes/zeus/zeus_hair.vmdl_c,models/heroes/zeus/zeus_sigil.vmdl_c,models/heroes/zeus/zeus_vest.vmdl_c
hawk	models/heroes/beastmaster/beastmaster_bird.vmdl_c	--dirs 4 --frame 96 --fps 10 --max-frames 8 --world 96 --pixel --light 1.3 --anims walk=bird_fly|fly,idle=idle,attack=dive_bomb|attack@0.1-0.75,death=death
wolf	models/heroes/lycan/lycan_wolf.vmdl_c	--dirs 4 --frame 96 --fps 10 --max-frames 8 --world 96 --pixel --light 1.3 --anims walk=run,idle=idle,attack=attack@0.1-0.75,death=death
bear	models/heroes/lone_druid/spirit_bear.vmdl_c	--dirs 4 --frame 128 --fps 10 --max-frames 8 --world 128 --pixel --light 1.3 --anims walk=run,idle=idle,attack=attack@0.1-0.75,death=death
shadow_fiend@arcana	models/heroes/shadow_fiend/shadow_fiend_arcana.vmdl_c	--dirs 8 --frame 128 --fps 12 --max-frames 12 --world 128 --pixel --light 1.7 --anims cast=cast@0-0.75,walk=run,idle=idle,attack=attack@0.12-0.7,death=death	models/heroes/shadow_fiend/arcana_wings.vmdl_c,models/heroes/shadow_fiend/shadow_fiend_arcana_arms.vmdl_c,models/heroes/shadow_fiend/shadow_fiend_arcana_head.vmdl_c,models/heroes/shadow_fiend/shadow_fiend_arcana_shoulders.vmdl_c
anti_mage@wei	models/heroes/antimage_female/antimage_female.vmdl_c	--dirs 8 --frame 128 --fps 12 --max-frames 12 --world 128 --pixel --anims cast=cast@0-0.75,walk=run,idle=idle,attack=attack@0.12-0.7,death=death	models/heroes/antimage_female/antimage_female_clothing.vmdl_c,models/heroes/antimage_female/antimage_female_hair.vmdl_c,models/heroes/antimage_female/antimage_female_offhand.vmdl_c,models/heroes/antimage_female/antimage_female_weapon.vmdl_c
juggernaut@arcana	models/heroes/juggernaut/juggernaut_arcana.vmdl_c	--dirs 8 --frame 160 --world 160 --margin 1.4 --fps 12 --max-frames 12 --pixel --anims cast=cast@0-0.75,walk=run_run,idle=idle,attack=attack@0.12-0.7,death=death,spin=attack_spin --drop-mat mask_tail$ --drop-vgroup chain_[3-9] --light 1.5 --autoexpose 0.22 --glow-from-alpha 0.35,1.0,0.9 --glow-mask materials/models/items/juggernaut/arcana --glow-color 0.35,1.0,0.9	models/heroes/juggernaut/juggernaut_pants.vmdl_c,models/heroes/juggernaut/jugg_sword.vmdl_c,models/heroes/juggernaut/jugg_bracers.vmdl_c,models/items/juggernaut/arcana/juggernaut_arcana_mask.vmdl_c
# Волна 2 героев (2026-09-06)
wraith_king	models/heroes/wraith_king/wraith_king.vmdl_c	--dirs 8 --frame 160 --world 160 --margin 1.4 --fps 12 --max-frames 12 --pixel --light 1.5 --anims cast=cast@0-0.75,walk=run,idle=idle,attack=attack@0.12-0.7,death=death	models/heroes/wraith_king/wraith_king_cape.vmdl_c,models/heroes/wraith_king/wraith_king_chest.vmdl_c,models/heroes/wraith_king/wraith_king_gauntlet.vmdl_c,models/heroes/wraith_king/wraith_king_head.vmdl_c,models/heroes/wraith_king/wraith_king_shoulder.vmdl_c,models/heroes/wraith_king/wraith_king_weapon.vmdl_c
dragon_knight	models/heroes/dragon_knight/dragon_knight.vmdl_c	--dirs 8 --frame 160 --world 160 --margin 1.4 --fps 12 --max-frames 12 --pixel --anims cast=cast@0-0.75,walk=run,idle=idle,attack=attack@0.12-0.7,death=death	models/heroes/dragon_knight/bracers.vmdl_c,models/heroes/dragon_knight/helmet.vmdl_c,models/heroes/dragon_knight/shield.vmdl_c,models/heroes/dragon_knight/shoulders.vmdl_c,models/heroes/dragon_knight/skirt.vmdl_c,models/heroes/dragon_knight/weapon.vmdl_c
kunkka	models/heroes/kunkka/kunkka.vmdl_c	--dirs 8 --frame 160 --world 160 --margin 1.4 --fps 12 --max-frames 12 --pixel --anims cast=cast@0-0.75,walk=run,idle=idle,attack=attack@0.12-0.7,death=death	models/heroes/kunkka/kunkka_feet.vmdl_c,models/heroes/kunkka/kunkka_hair.vmdl_c,models/heroes/kunkka/kunkka_hands.vmdl_c,models/heroes/kunkka/kunkka_shoulders.vmdl_c,models/heroes/kunkka/kunkka_sword.vmdl_c
necrophos	models/heroes/necrolyte/necrolyte.vmdl_c	--dirs 8 --frame 160 --world 160 --margin 1.4 --fps 12 --max-frames 12 --pixel --anims cast=cast@0-0.75,walk=run,idle=idle,attack=attack@0.12-0.7,death=death	models/heroes/necrolyte/beard.vmdl_c,models/heroes/necrolyte/hat.vmdl_c,models/heroes/necrolyte/legs.vmdl_c,models/heroes/necrolyte/necrolyte_sickle.vmdl_c,models/heroes/necrolyte/necrolyte_skull.vmdl_c,models/heroes/necrolyte/shoulders.vmdl_c
razor	models/heroes/razor/razor.vmdl_c	--dirs 8 --frame 160 --world 160 --margin 1.4 --fps 12 --max-frames 12 --pixel --light 1.3 --anims cast=cast@0-0.75,walk=run,idle=idle,attack=attack@0.12-0.7,death=death	models/heroes/razor/razor_armor.vmdl_c,models/heroes/razor/razor_bracers.vmdl_c,models/heroes/razor/razor_head.vmdl_c,models/heroes/razor/razor_robe.vmdl_c,models/heroes/razor/razor_weapon.vmdl_c
venomancer	models/heroes/venomancer/venomancer.vmdl_c	--dirs 8 --frame 160 --world 160 --margin 1.4 --fps 12 --max-frames 12 --pixel --anims cast=cast@0-0.75,walk=run,idle=idle,attack=attack@0.12-0.7,death=death	models/heroes/venomancer/venomancer_arms.vmdl_c,models/heroes/venomancer/venomancer_jaw.vmdl_c,models/heroes/venomancer/venomancer_shoulder.vmdl_c,models/heroes/venomancer/venomancer_tail.vmdl_c
witch_doctor	models/heroes/witchdoctor/witchdoctor.vmdl_c	--dirs 8 --frame 160 --world 160 --margin 1.4 --fps 12 --max-frames 12 --pixel --anims cast=cast@0-0.75,walk=run,idle=idle,attack=attack@0.12-0.7,death=death	models/heroes/witchdoctor/witchdoctor_bag.vmdl_c,models/heroes/witchdoctor/witchdoctor_belt.vmdl_c,models/heroes/witchdoctor/witchdoctor_head.vmdl_c,models/heroes/witchdoctor/witchdoctor_skull.vmdl_c,models/heroes/witchdoctor/witchdoctor_staff.vmdl_c
luna	models/heroes/luna/luna.vmdl_c	--dirs 8 --frame 160 --world 160 --margin 1.4 --fps 12 --max-frames 12 --pixel --anims cast=cast@0-0.75,walk=run,idle=idle,attack=attack@0.12-0.7,death=death	models/heroes/luna/luna_head.vmdl_c,models/heroes/luna/luna_helmet.vmdl_c,models/heroes/luna/luna_mount.vmdl_c,models/heroes/luna/luna_shield.vmdl_c,models/heroes/luna/luna_shoulder.vmdl_c,models/heroes/luna/luna_weapon.vmdl_c
# Волна 3 героев (2026-09-06)
earthshaker	models/heroes/earthshaker/earthshaker.vmdl_c	--dirs 8 --frame 160 --world 160 --margin 1.4 --fps 12 --max-frames 12 --pixel --anims cast=cast@0-0.75,walk=run,idle=idle,attack=attack@0.12-0.7,death=death	models/heroes/earthshaker/belt.vmdl_c,models/heroes/earthshaker/bracers.vmdl_c,models/heroes/earthshaker/totem.vmdl_c
bloodseeker	models/heroes/blood_seeker/blood_seeker.vmdl_c	--dirs 8 --frame 160 --world 160 --margin 1.4 --fps 12 --max-frames 12 --pixel --anims cast=cast@0-0.75,walk=run,idle=idle,attack=attack@0.12-0.7,death=death	models/heroes/blood_seeker/belt.vmdl_c,models/heroes/blood_seeker/bracer.vmdl_c,models/heroes/blood_seeker/cape.vmdl_c,models/heroes/blood_seeker/helmet.vmdl_c,models/heroes/blood_seeker/neck.vmdl_c,models/heroes/blood_seeker/weapon.vmdl_c,models/heroes/blood_seeker/weapon_offhand.vmdl_c
riki	models/heroes/rikimaru/rikimaru.vmdl_c	--dirs 8 --frame 160 --world 160 --margin 1.4 --fps 12 --max-frames 12 --pixel --light 1.3 --anims cast=cast@0-0.75,walk=run,idle=idle,attack=attack@0.12-0.7,death=death,spin=tricks|trade	models/heroes/rikimaru/rikimaru__offhand_weapon.vmdl_c,models/heroes/rikimaru/rikimaru_gloves.vmdl_c,models/heroes/rikimaru/rikimaru_head.vmdl_c,models/heroes/rikimaru/rikimaru_shoulder.vmdl_c,models/heroes/rikimaru/rikimaru_tail.vmdl_c,models/heroes/rikimaru/rikimaru_weapon.vmdl_c
queen_of_pain	models/heroes/queenofpain/queenofpain.vmdl_c	--dirs 8 --frame 160 --world 160 --margin 1.4 --fps 12 --max-frames 12 --pixel --anims cast=cast@0-0.75,walk=run,idle=idle,attack=attack@0.12-0.7,death=death	models/heroes/queenofpain/hair.vmdl_c,models/heroes/queenofpain/queenofpain_legs.vmdl_c,models/heroes/queenofpain/queenofpain_weapon.vmdl_c,models/heroes/queenofpain/shoulders.vmdl_c,models/heroes/queenofpain/wings.vmdl_c
viper	models/heroes/viper/viper.vmdl_c	--dirs 8 --frame 160 --world 160 --margin 1.4 --fps 12 --max-frames 12 --pixel --anims cast=cast@0-0.75,walk=run,idle=idle,attack=attack@0.12-0.7,death=death	models/heroes/viper/viper_back.vmdl_c
ogre_magi	models/heroes/ogre_magi/ogre_magi.vmdl_c	--dirs 8 --frame 160 --world 160 --margin 1.4 --fps 12 --max-frames 12 --pixel --anims cast=cast@0-0.75,walk=run,idle=idle,attack=attack@0.12-0.7,death=death	models/heroes/ogre_magi/ogre_magi_belt.vmdl_c,models/heroes/ogre_magi/ogre_magi_bracers.vmdl_c,models/heroes/ogre_magi/ogre_magi_cape.vmdl_c,models/heroes/ogre_magi/ogre_magi_hats.vmdl_c,models/heroes/ogre_magi/ogre_magi_weapon.vmdl_c
huskar	models/heroes/huskar/huskar.vmdl_c	--dirs 8 --frame 160 --world 160 --margin 1.4 --fps 12 --max-frames 12 --pixel --anims cast=cast@0-0.75,walk=run,idle=idle,attack=attack@0.12-0.7,death=death	models/heroes/huskar/huskar_bracer.vmdl_c,models/heroes/huskar/huskar_dagger.vmdl_c,models/heroes/huskar/huskar_helmet.vmdl_c,models/heroes/huskar/huskar_shoulder.vmdl_c,models/heroes/huskar/huskar_spear.vmdl_c
slardar	models/heroes/slardar/slardar.vmdl_c	--dirs 8 --frame 160 --world 160 --margin 1.4 --fps 12 --max-frames 12 --pixel --anims cast=cast@0-0.75,walk=run,idle=idle,attack=attack@0.12-0.7,death=death	models/heroes/slardar/slardar_arms.vmdl_c,models/heroes/slardar/slardar_back.vmdl_c,models/heroes/slardar/slardar_weapon.vmdl_c
# Скины, партия 2 (2026-09-06): арканы и персоны из vpk
crystal_maiden@arcana	models/heroes/crystal_maiden/crystal_maiden_arcana.vmdl_c	--dirs 8 --frame 160 --world 160 --margin 1.4 --fps 12 --max-frames 12 --pixel --anims cast=cast@0-0.75,walk=run,idle=idle,attack=attack@0.12-0.7,death=death	models/heroes/crystal_maiden/crystal_maiden_arcana_back.vmdl_c,models/heroes/crystal_maiden/crystal_maiden_cuffs.vmdl_c,models/heroes/crystal_maiden/crystal_maiden_shoulders.vmdl_c,models/heroes/crystal_maiden/crystal_maiden_staff.vmdl_c,models/heroes/crystal_maiden/head_item.vmdl_c
crystal_maiden@persona	models/heroes/crystal_maiden_persona/crystal_maiden_persona.vmdl_c	--dirs 8 --frame 160 --world 160 --margin 1.4 --fps 12 --max-frames 12 --pixel --anims cast=cast@0-0.75,walk=run,idle=idle,attack=attack@0.12-0.7,death=death	models/heroes/crystal_maiden_persona/crystal_maiden_persona_armor.vmdl_c,models/heroes/crystal_maiden_persona/crystal_maiden_persona_crystals.vmdl_c,models/heroes/crystal_maiden_persona/crystal_maiden_persona_mane.vmdl_c,models/heroes/crystal_maiden_persona/crystal_maiden_persona_tail.vmdl_c
dragon_knight@persona	models/heroes/dragon_knight_persona/dk_persona_base.vmdl_c	--dirs 8 --frame 160 --world 160 --margin 1.4 --fps 12 --max-frames 12 --pixel --anims cast=cast@0-0.75,walk=run,idle=idle,attack=attack@0.12-0.7,death=death --no-root-lock	models/heroes/dragon_knight_persona/dk_persona_armor.vmdl_c,models/heroes/dragon_knight_persona/dk_persona_head_hair.vmdl_c,models/heroes/dragon_knight_persona/dk_persona_head_helmet.vmdl_c,models/heroes/dragon_knight_persona/dk_persona_shoulder_pauldrons.vmdl_c,models/heroes/dragon_knight_persona/dk_persona_shoulder_cape.vmdl_c,models/heroes/dragon_knight_persona/dk_persona_weapon.vmdl_c
mirana@persona	models/heroes/mirana_persona/mirana_persona_base.vmdl_c	--dirs 8 --frame 160 --world 160 --margin 1.4 --fps 12 --max-frames 12 --pixel --anims cast=cast@0-0.75,walk=run,idle=idle,attack=attack@0.12-0.7,death=death	models/heroes/mirana_persona/mirana_persona_armor.vmdl_c,models/heroes/mirana_persona/mirana_persona_back.vmdl_c,models/heroes/mirana_persona/mirana_persona_head.vmdl_c,models/heroes/mirana_persona/mirana_persona_mount.vmdl_c,models/heroes/mirana_persona/mirana_persona_weapon.vmdl_c
phantom_assassin@arcana	models/heroes/phantom_assassin/pa_arcana.vmdl_c	--dirs 8 --frame 160 --world 160 --margin 1.4 --fps 12 --max-frames 12 --pixel --anims cast=cast@0-0.75,walk=run,idle=idle,attack=attack@0.12-0.7,death=death --light 1.5 --glow-from-alpha 0.2,0.85,0.85	models/heroes/phantom_assassin/pa_arcana_weapons.vmdl_c
phantom_assassin@persona	models/heroes/phantom_assassin_persona/phantom_assassin_persona.vmdl_c	--dirs 8 --frame 160 --world 160 --margin 1.4 --fps 12 --max-frames 12 --pixel --anims cast=cast@0-0.75,walk=run,idle=idle,attack=attack@0.12-0.7,death=death	models/heroes/phantom_assassin_persona/phantom_assassin_persona_armor.vmdl_c,models/heroes/phantom_assassin_persona/phantom_assassin_persona_dagger.vmdl_c,models/heroes/phantom_assassin_persona/phantom_assassin_persona_head.vmdl_c,models/heroes/phantom_assassin_persona/phantom_assassin_persona_legs.vmdl_c,models/heroes/phantom_assassin_persona/phantom_assassin_persona_weapon.vmdl_c
zeus@arcana	models/heroes/zeus/zeus_arcana.vmdl_c	--dirs 8 --frame 160 --world 160 --margin 1.4 --fps 12 --max-frames 12 --pixel --anims cast=cast@0-0.75,walk=run,idle=idle,attack=attack@0.12-0.7,death=death	models/heroes/zeus/zeus_hair_arcana.vmdl_c,models/heroes/zeus/zeus_belt.vmdl_c,models/heroes/zeus/zeus_sigil.vmdl_c
wraith_king@arcana	models/items/wraith_king/arcana/wraith_king_arcana.vmdl_c	--dirs 8 --frame 160 --world 160 --margin 1.4 --fps 12 --max-frames 12 --pixel --light 1.4 --anims cast=cast@0-0.75,walk=run,idle=idle,attack=attack@0.12-0.7,death=death	models/items/wraith_king/arcana/wraith_king_arcana_armor.vmdl_c,models/items/wraith_king/arcana/wraith_king_arcana_arms.vmdl_c,models/items/wraith_king/arcana/wraith_king_arcana_back.vmdl_c,models/items/wraith_king/arcana/wraith_king_arcana_head.vmdl_c,models/items/wraith_king/arcana/wraith_king_arcana_shoulder.vmdl_c,models/items/wraith_king/arcana/wraith_king_arcana_weapon.vmdl_c
earthshaker@arcana	models/items/earthshaker/earthshaker_arcana/earthshaker_arcana.vmdl_c	--dirs 8 --frame 160 --world 160 --margin 1.4 --fps 12 --max-frames 12 --pixel --anims cast=cast@0-0.75,walk=run,idle=idle,attack=attack@0.12-0.7,death=death	models/items/earthshaker/earthshaker_arcana/earthshaker_arcana_belt.vmdl_c,models/items/earthshaker/earthshaker_arcana/earthshaker_arcana_bracers.vmdl_c,models/items/earthshaker/earthshaker_arcana/earthshaker_arcana_head.vmdl_c,models/items/earthshaker/earthshaker_arcana/earthshaker_arcana_weapon.vmdl_c
# Аркана QoP: ремодель ссылается на materials/models/heroes_staging/… (в vpk их нет — в игре подменяет предмет),
# поэтому текстуры назначаем сами по примитивам (--fix-tex/--mat-map); порядок примитивов = порядок материалов в логе S2V.
queen_of_pain@arcana	models/items/queenofpain/arcana/queenofpain_arcana_base_remodel.vmdl_c	--dirs 8 --frame 160 --world 160 --margin 1.4 --fps 12 --max-frames 12 --pixel --anims cast=qop_arc_scream|qop_arc_sonicwave@0-0.75,walk=qop_arc_new_rig2_run|run,idle=qop_arc_new_rig2_idle|idle,attack=qop_arc_new_rig2_attack|qop_arc_attack@0.12-0.7 --fix-tex materials/models/items/queenofpain/queenofpain_arcana --mat-map 0=queenofpain_arcana_wings,1=queenofpain_arcana_armor,2=queenofpain_arcana_legs,3=queenofpain_arcana_head,4=queenofpain_arcana_base,5=queenofpain_arcana_head,alexgrey=queenofpain_arcana_dagger,ember_sindur_sensei_weapon=queenofpain_arcana_dagger	models/items/queenofpain/arcana/qop_arcana_weapon_model.vmdl_c
faceless_void@arcana	models/items/faceless_void/faceless_void_arcana/faceless_void_arcana_base.vmdl_c	--dirs 8 --frame 160 --world 160 --margin 1.4 --fps 12 --max-frames 12 --pixel --light 1.3 --anims cast=cast@0-0.75,walk=run,idle=idle,attack=attack@0.12-0.7,death=death	models/items/faceless_void/faceless_void_arcana/faceless_void_arcana_belt.vmdl_c,models/items/faceless_void/faceless_void_arcana/faceless_void_arcana_bracer.vmdl_c,models/items/faceless_void/faceless_void_arcana/faceless_void_arcana_shoulder.vmdl_c,models/items/faceless_void/faceless_void_arcana/faceless_void_arcana_weapon.vmdl_c
windranger@arcana	models/heroes/windrunner/windrunner.vmdl_c	--dirs 8 --frame 160 --world 160 --margin 1.4 --fps 12 --max-frames 12 --pixel --anims cast=cast@0-0.75,walk=run,idle=idle,attack=attack@0.12-0.7,death=death	models/items/windrunner/fluttering_breeze/fluttering_breeze_back_arcana.vmdl_c,models/items/windrunner/fluttering_breeze/fluttering_breeze_head_arcana.vmdl_c,models/items/windrunner/fluttering_breeze/fluttering_breeze_offhand_arcana.vmdl_c,models/items/windrunner/fluttering_breeze/fluttering_breeze_shoulders_arcana.vmdl_c,models/items/windrunner/fluttering_breeze/fluttering_breeze_weapon_arcana.vmdl_c
ogre_magi@arcana	models/items/ogre_magi/ogre_arcana/ogre_magi_arcana.vmdl_c	--dirs 8 --frame 160 --world 160 --margin 1.4 --fps 12 --max-frames 12 --pixel --anims cast=cast@0-0.75,walk=run,idle=idle,attack=attack@0.12-0.7,death=death	models/items/ogre_magi/ogre_arcana/ogre_magi_arcana_head.vmdl_c,models/items/ogre_magi/ogre_arcana/ogre_magi_arcana_tail.vmdl_c
razor@arcana	models/items/razor/razor_arcana/razor_arcana.vmdl_c	--dirs 8 --frame 160 --world 160 --margin 1.4 --fps 12 --max-frames 12 --pixel --light 2.0 --autoexpose 0.32 --expose-target 0.5 --anims cast=cast@0-0.75,walk=run,idle=idle,attack=attack@0.12-0.7,death=death --glow-mask materials/models/items/razor/razor_arcana --glow-color 0.45,0.85,1.0 --glow-grow 14 --glow-mat razor_arcana_base=0.45,0.85,1.0,0.5	models/items/razor/razor_arcana/razor_arcana_armor.vmdl_c,models/items/razor/razor_arcana/razor_arcana_arms.vmdl_c,models/items/razor/razor_arcana/razor_arcana_belt.vmdl_c,models/items/razor/razor_arcana/razor_arcana_head.vmdl_c,models/items/razor/razor_arcana/razor_arcana_weapon.vmdl_c
invoker@kid	models/heroes/invoker_kid/invoker_kid.vmdl_c	--dirs 8 --frame 160 --world 160 --margin 1.4 --fps 12 --max-frames 12 --pixel --anims cast=cast@0-0.75,walk=run,idle=idle,attack=attack@0.12-0.7,death=death	models/heroes/invoker_kid/invoker_kid_cape.vmdl_c,models/heroes/invoker_kid/invoker_kid_hair.vmdl_c,models/heroes/invoker_kid/invoker_kid_shoulder.vmdl_c,models/heroes/invoker_kid/invoker_kid_sleeves.vmdl_c
# Волна 4 героев (2026-09-06)
tiny	models/heroes/tiny/tiny_02/tiny_02.vmdl_c	--dirs 8 --frame 160 --world 160 --margin 1.4 --fps 12 --max-frames 12 --pixel --anims cast=cast@0-0.75,walk=run,idle=idle,attack=attack@0.12-0.7,death=death
spectre	models/heroes/spectre/spectre.vmdl_c	--dirs 8 --frame 160 --world 160 --margin 1.4 --fps 12 --max-frames 12 --pixel --light 1.3 --anims cast=cast@0-0.75,walk=run,idle=idle,attack=attack@0.12-0.7,death=death	models/heroes/spectre/spectre_dress.vmdl_c,models/heroes/spectre/spectre_hat.vmdl_c,models/heroes/spectre/spectre_weapon.vmdl_c,models/heroes/spectre/spectre_wings.vmdl_c
chaos_knight	models/heroes/chaos_knight/chaos_knight.vmdl_c	--dirs 8 --frame 160 --world 160 --margin 1.4 --fps 12 --max-frames 12 --pixel --light 1.3 --anims cast=cast@0-0.75,walk=run,idle=idle,attack=attack@0.12-0.7,death=death	models/heroes/chaos_knight/chaos_knight_helmet.vmdl_c,models/heroes/chaos_knight/chaos_knight_horse_amour.vmdl_c,models/heroes/chaos_knight/chaos_knight_horse_head.vmdl_c,models/heroes/chaos_knight/chaos_knight_mace.vmdl_c,models/heroes/chaos_knight/chaos_knight_mount.vmdl_c,models/heroes/chaos_knight/chaos_knight_shield.vmdl_c,models/heroes/chaos_knight/chaos_knight_shoulderpads.vmdl_c
night_stalker	models/heroes/nightstalker/nightstalker.vmdl_c	--dirs 8 --frame 160 --world 160 --margin 1.4 --fps 12 --max-frames 12 --pixel --light 1.3 --anims cast=cast@0-0.75,walk=run,idle=idle,attack=attack@0.12-0.7,death=death	models/heroes/nightstalker/nightstalker_legarmor.vmdl_c,models/heroes/nightstalker/nightstalker_tail.vmdl_c,models/heroes/nightstalker/nightstalker_wings.vmdl_c
doom	models/heroes/doom/doom.vmdl_c	--dirs 8 --frame 160 --world 160 --margin 1.4 --fps 12 --max-frames 12 --pixel --anims cast=cast@0-0.75,walk=run,idle=idle,attack=attack@0.12-0.7,death=death	models/heroes/doom/belt.vmdl_c,models/heroes/doom/bracer.vmdl_c,models/heroes/doom/doom_helm.vmdl_c,models/heroes/doom/doom_sword.vmdl_c,models/heroes/doom/shoulders.vmdl_c,models/heroes/doom/tail.vmdl_c,models/heroes/doom/wings.vmdl_c
legion_commander	models/heroes/legion_commander/legion_commander.vmdl_c	--dirs 8 --frame 160 --world 160 --margin 1.4 --fps 12 --max-frames 12 --pixel --anims cast=cast@0-0.75,walk=run,idle=idle,attack=attack@0.12-0.7,death=death	models/heroes/legion_commander/legion_commander_arms.vmdl_c,models/heroes/legion_commander/legion_commander_back.vmdl_c,models/heroes/legion_commander/legion_commander_head.vmdl_c,models/heroes/legion_commander/legion_commander_shoulders.vmdl_c,models/heroes/legion_commander/legion_commander_weapon.vmdl_c
templar_assassin	models/heroes/lanaya/lanaya.vmdl_c	--dirs 8 --frame 160 --world 160 --margin 1.4 --fps 12 --max-frames 12 --pixel --anims cast=cast@0-0.75,walk=run,idle=idle,attack=attack@0.12-0.7,death=death	models/heroes/lanaya/lanaya_bracers_skirt.vmdl_c,models/heroes/lanaya/lanaya_cowl_shoulder.vmdl_c,models/heroes/lanaya/lanaya_hair.vmdl_c
medusa	models/heroes/medusa/medusa.vmdl_c	--dirs 8 --frame 160 --world 160 --margin 1.4 --fps 12 --max-frames 12 --pixel --anims cast=cast@0-0.75,walk=run,idle=idle,attack=attack@0.12-0.7,death=death	models/heroes/medusa/medusa_arms.vmdl_c,models/heroes/medusa/medusa_bow.vmdl_c,models/heroes/medusa/medusa_tail.vmdl_c,models/heroes/medusa/medusa_torso.vmdl_c,models/heroes/medusa/medusa_veil.vmdl_c
# Волна 5 героев (2026-09-06)
silencer	models/heroes/silencer/silencer.vmdl_c	--dirs 8 --frame 160 --world 160 --margin 1.4 --fps 12 --max-frames 12 --pixel --anims cast=cast@0-0.75,walk=run,idle=idle,attack=attack@0.12-0.7,death=death	models/heroes/silencer/silencer_helmet.vmdl_c,models/heroes/silencer/silencer_robe.vmdl_c,models/heroes/silencer/silencer_shield.vmdl_c,models/heroes/silencer/silencer_shoulder.vmdl_c,models/heroes/silencer/silencer_weapon.vmdl_c,models/heroes/silencer/silender_bracers.vmdl_c
skywrath_mage	models/heroes/skywrath_mage/skywrath_mage.vmdl_c	--dirs 8 --frame 160 --world 160 --margin 1.4 --fps 12 --max-frames 12 --pixel --anims cast=cast@0-0.75,walk=run,idle=idle,attack=attack@0.12-0.7,death=death	models/heroes/skywrath_mage/skywrath_mage_belt.vmdl_c,models/heroes/skywrath_mage/skywrath_mage_bracers.vmdl_c,models/heroes/skywrath_mage/skywrath_mage_head.vmdl_c,models/heroes/skywrath_mage/skywrath_mage_shoulders.vmdl_c,models/heroes/skywrath_mage/skywrath_mage_staff.vmdl_c,models/heroes/skywrath_mage/skywrath_mage_wings.vmdl_c
dazzle	models/heroes/dazzle/dazzle.vmdl_c	--dirs 8 --frame 160 --world 160 --margin 1.4 --fps 12 --max-frames 12 --pixel --anims cast=cast@0-0.75,walk=run,idle=idle,attack=attack@0.12-0.7,death=death	models/heroes/dazzle/dazzle_dress.vmdl_c,models/heroes/dazzle/dazzle_mohawk.vmdl_c,models/heroes/dazzle/dazzle_shoulder.vmdl_c,models/heroes/dazzle/dazzle_sleeve.vmdl_c,models/heroes/dazzle/dazzle_staff.vmdl_c
jakiro	models/heroes/jakiro/jakiro.vmdl_c	--dirs 8 --frame 160 --world 160 --margin 1.4 --fps 12 --max-frames 12 --pixel --anims cast=cast@0-0.75,walk=run,idle=idle,attack=attack@0.12-0.7,death=death	models/heroes/jakiro/jakiro_wings.vmdl_c
shadow_shaman	models/heroes/shadowshaman/shadowshaman.vmdl_c	--dirs 8 --frame 160 --world 160 --margin 1.4 --fps 12 --max-frames 12 --pixel --anims cast=cast@0-0.75,walk=run,idle=idle,attack=attack@0.12-0.7,death=death	models/heroes/shadowshaman/armarmor.vmdl_c,models/heroes/shadowshaman/belt.vmdl_c,models/heroes/shadowshaman/head.vmdl_c,models/heroes/shadowshaman/helmet.vmdl_c,models/heroes/shadowshaman/weapon.vmdl_c,models/heroes/shadowshaman/weapon_offhand.vmdl_c
warlock	models/heroes/warlock/warlock.vmdl_c	--dirs 8 --frame 160 --world 160 --margin 1.4 --fps 12 --max-frames 12 --pixel --anims cast=cast@0-0.75,walk=run,idle=idle,attack=attack@0.12-0.7,death=death	models/heroes/warlock/warlock_bag.vmdl_c,models/heroes/warlock/warlock_bracers.vmdl_c,models/heroes/warlock/warlock_cape.vmdl_c,models/heroes/warlock/warlock_lantern.vmdl_c,models/heroes/warlock/warlock_robe.vmdl_c,models/heroes/warlock/warlock_shoulder.vmdl_c,models/heroes/warlock/warlock_staff.vmdl_c
enigma	models/heroes/enigma/enigma.vmdl_c	--dirs 8 --frame 160 --world 160 --margin 1.4 --fps 12 --max-frames 12 --pixel --light 1.4 --anims cast=cast@0-0.75,walk=run,idle=idle,attack=attack@0.12-0.7,death=death
tinker	models/heroes/tinker/tinker.vmdl_c	--dirs 8 --frame 160 --world 160 --margin 1.4 --fps 12 --max-frames 12 --pixel --anims cast=cast@0-0.75,walk=run,idle=idle,attack=attack@0.12-0.7,death=death	models/heroes/tinker/tinker_body_head.vmdl_c,models/heroes/tinker/tinker_cape.vmdl_c,models/heroes/tinker/tinker_helmet.vmdl_c,models/heroes/tinker/tinker_left_arm.vmdl_c,models/heroes/tinker/tinker_right_arm.vmdl_c,models/heroes/tinker/tinker_shoulders.vmdl_c
# Волна 6 героев (2026-09-06)
omniknight	models/heroes/omniknight/omniknight.vmdl_c	--dirs 8 --frame 160 --world 160 --margin 1.4 --fps 12 --max-frames 12 --pixel --anims cast=cast@0-0.75,walk=run,idle=idle,attack=attack@0.12-0.7,death=death	models/heroes/omniknight/bracer.vmdl_c,models/heroes/omniknight/cape.vmdl_c,models/heroes/omniknight/hair.vmdl_c,models/heroes/omniknight/hammer.vmdl_c,models/heroes/omniknight/head.vmdl_c,models/heroes/omniknight/shoulder.vmdl_c
abaddon	models/heroes/abaddon/abaddon.vmdl_c	--dirs 8 --frame 160 --world 160 --margin 1.4 --fps 12 --max-frames 12 --pixel --light 1.3 --anims cast=cast@0-0.75,walk=run,idle=idle,attack=attack@0.12-0.7,death=death	models/heroes/abaddon/cape.vmdl_c,models/heroes/abaddon/helmet.vmdl_c,models/heroes/abaddon/mount.vmdl_c,models/heroes/abaddon/shoulders.vmdl_c,models/heroes/abaddon/weapon.vmdl_c
beastmaster	models/heroes/beastmaster/beastmaster.vmdl_c	--dirs 8 --frame 160 --world 160 --margin 1.4 --fps 12 --max-frames 12 --pixel --anims cast=cast@0-0.75,walk=run,idle=idle,attack=attack@0.12-0.7,death=death	models/heroes/beastmaster/beastmaster_arms.vmdl_c,models/heroes/beastmaster/beastmaster_belt.vmdl_c,models/heroes/beastmaster/beastmaster_head.vmdl_c,models/heroes/beastmaster/beastmaster_shoulder.vmdl_c,models/heroes/beastmaster/beastmaster_weapon.vmdl_c
brewmaster	models/heroes/brewmaster/brewmaster.vmdl_c	--dirs 8 --frame 160 --world 160 --margin 1.4 --fps 12 --max-frames 12 --pixel --anims cast=cast@0-0.75,walk=run,idle=idle,attack=attack@0.12-0.7,death=death	models/heroes/brewmaster/back.vmdl_c,models/heroes/brewmaster/bracer.vmdl_c,models/heroes/brewmaster/shoulder.vmdl_c,models/heroes/brewmaster/weapon.vmdl_c
centaur	models/heroes/centaur/centaur.vmdl_c	--dirs 8 --frame 160 --world 160 --margin 1.4 --fps 12 --max-frames 12 --pixel --anims cast=cast@0-0.75,walk=run,idle=idle,attack=attack@0.12-0.7,death=death	models/heroes/centaur/belt.vmdl_c,models/heroes/centaur/bracer.vmdl_c,models/heroes/centaur/headitem.vmdl_c,models/heroes/centaur/shield.vmdl_c,models/heroes/centaur/shoulder.vmdl_c,models/heroes/centaur/tail.vmdl_c,models/heroes/centaur/weapon.vmdl_c
dark_seer	models/heroes/dark_seer/dark_seer.vmdl_c	--dirs 8 --frame 160 --world 160 --margin 1.4 --fps 12 --max-frames 12 --pixel --light 1.3 --anims cast=cast@0-0.75,walk=run,idle=idle,attack=attack@0.12-0.7,death=death	models/heroes/dark_seer/dark_seer_arm.vmdl_c,models/heroes/dark_seer/dark_seer_back.vmdl_c,models/heroes/dark_seer/dark_seer_head.vmdl_c,models/heroes/dark_seer/dark_seer_neck.vmdl_c,models/heroes/dark_seer/dark_seer_waist.vmdl_c
death_prophet	models/heroes/death_prophet/death_prophet.vmdl_c	--dirs 8 --frame 160 --world 160 --margin 1.4 --fps 12 --max-frames 12 --pixel --light 1.3 --anims cast=cast@0-0.75,walk=run,idle=idle,attack=attack@0.12-0.7,death=death	models/heroes/death_prophet/death_prophet_arm.vmdl_c,models/heroes/death_prophet/death_prophet_dress.vmdl_c,models/heroes/death_prophet/death_prophet_dresstop.vmdl_c,models/heroes/death_prophet/death_prophet_hair.vmdl_c,models/heroes/death_prophet/death_prophet_scarf.vmdl_c
disruptor	models/heroes/disruptor/disruptor.vmdl_c	--dirs 8 --frame 160 --world 160 --margin 1.4 --fps 12 --max-frames 12 --pixel --anims cast=cast@0-0.75,walk=run,idle=idle,attack=attack@0.12-0.7,death=death	models/heroes/disruptor/back.vmdl_c,models/heroes/disruptor/bracers.vmdl_c,models/heroes/disruptor/hair.vmdl_c,models/heroes/disruptor/mount.vmdl_c,models/heroes/disruptor/shoulder.vmdl_c,models/heroes/disruptor/weapon.vmdl_c
# Волна 7 героев (2026-09-06)
lycan	models/heroes/lycan/lycan.vmdl_c	--dirs 8 --frame 160 --world 160 --margin 1.4 --fps 12 --max-frames 12 --pixel --anims cast=cast@0-0.75,walk=run,idle=idle,attack=attack@0.12-0.7,death=death	models/heroes/lycan/lycan_armor.vmdl_c,models/heroes/lycan/lycan_belt.vmdl_c,models/heroes/lycan/lycan_blades.vmdl_c,models/heroes/lycan/lycan_fur.vmdl_c,models/heroes/lycan/lycan_head.vmdl_c
lone_druid	models/heroes/lone_druid/lone_druid.vmdl_c	--dirs 8 --frame 160 --world 160 --margin 1.4 --fps 12 --max-frames 12 --pixel --anims cast=cast@0-0.75,walk=run,idle=idle,attack=attack@0.12-0.7,death=death	models/heroes/lone_druid/arms.vmdl_c,models/heroes/lone_druid/head.vmdl_c,models/heroes/lone_druid/shoulder.vmdl_c,models/heroes/lone_druid/weapon.vmdl_c
alchemist	models/heroes/alchemist/alchemist.vmdl_c	--dirs 8 --frame 160 --world 160 --margin 1.4 --fps 12 --max-frames 12 --pixel --anims cast=cast@0-0.75,walk=run,idle=idle,attack=attack@0.12-0.7,death=death	models/heroes/alchemist/alchemist_gauntlets.vmdl_c,models/heroes/alchemist/alchemist_goblin_body.vmdl_c,models/heroes/alchemist/alchemist_goblin_head.vmdl_c,models/heroes/alchemist/alchemist_goblinhat.vmdl_c,models/heroes/alchemist/alchemist_ogre_head.vmdl_c,models/heroes/alchemist/alchemist_scabbard.vmdl_c,models/heroes/alchemist/alchemist_shoulderbottles.vmdl_c
bane	models/heroes/bane/bane.vmdl_c	--dirs 8 --frame 160 --world 160 --margin 1.4 --fps 12 --max-frames 12 --pixel --light 1.4 --anims cast=cast@0-0.75,walk=run,idle=idle,attack=attack@0.12-0.7,death=death	models/heroes/bane/bane_head.vmdl_c,models/heroes/bane/bane_shoulders.vmdl_c
batrider	models/heroes/batrider/batrider.vmdl_c	--dirs 8 --frame 160 --world 160 --margin 1.4 --fps 12 --max-frames 12 --pixel --anims cast=cast@0-0.75,walk=run,idle=idle,attack=attack@0.12-0.7,death=death	models/heroes/batrider/batrider_belt.vmdl_c,models/heroes/batrider/batrider_cloak.vmdl_c,models/heroes/batrider/batrider_head.vmdl_c,models/heroes/batrider/batrider_mount.vmdl_c
bounty_hunter	models/heroes/bounty_hunter/bounty_hunter.vmdl_c	--dirs 8 --frame 160 --world 160 --margin 1.4 --fps 12 --max-frames 12 --pixel --anims cast=cast@0-0.75,walk=run,idle=idle,attack=attack@0.12-0.7,death=death	models/heroes/bounty_hunter/bounty_hunter_backpack.vmdl_c,models/heroes/bounty_hunter/bounty_hunter_bandana.vmdl_c,models/heroes/bounty_hunter/bounty_hunter_lweapon.vmdl_c,models/heroes/bounty_hunter/bounty_hunter_pads.vmdl_c,models/heroes/bounty_hunter/bounty_hunter_rweapon.vmdl_c
broodmother	models/heroes/broodmother/broodmother.vmdl_c	--dirs 8 --frame 160 --world 160 --margin 1.4 --fps 12 --max-frames 12 --pixel --anims cast=cast@0-0.75,walk=run,idle=idle,attack=attack@0.12-0.7,death=death	models/heroes/broodmother/broodmother_abdomen.vmdl_c,models/heroes/broodmother/broodmother_hair.vmdl_c,models/heroes/broodmother/broodmother_legs.vmdl_c
clockwerk	models/heroes/rattletrap/rattletrap.vmdl_c	--dirs 8 --frame 160 --world 160 --margin 1.4 --fps 12 --max-frames 12 --pixel --anims cast=cast@0-0.75,walk=run,idle=idle,attack=attack@0.12-0.7,death=death	models/heroes/rattletrap/rattletrap_armor.vmdl_c,models/heroes/rattletrap/rattletrap_head.vmdl_c,models/heroes/rattletrap/rattletrap_hook.vmdl_c,models/heroes/rattletrap/rattletrap_weapon.vmdl_c
# Волна 8 героев (2026-09-06)
earth_spirit	models/heroes/earth_spirit/earth_spirit.vmdl_c	--dirs 8 --frame 160 --world 160 --margin 1.4 --fps 12 --max-frames 12 --pixel --anims cast=cast@0-0.75,walk=run,idle=idle,attack=attack@0.12-0.7,death=death	models/heroes/earth_spirit/earth_spirit_arms.vmdl_c,models/heroes/earth_spirit/earth_spirit_belt.vmdl_c,models/heroes/earth_spirit/earth_spirit_hair.vmdl_c,models/heroes/earth_spirit/earth_spirit_hat.vmdl_c,models/heroes/earth_spirit/earth_spirit_head.vmdl_c,models/heroes/earth_spirit/earth_spirit_staff.vmdl_c,models/heroes/earth_spirit/earth_spirit_torso.vmdl_c
elder_titan	models/heroes/elder_titan/elder_titan.vmdl_c	--dirs 8 --frame 160 --world 160 --margin 1.4 --fps 12 --max-frames 12 --pixel --anims cast=cast@0-0.75,walk=run,idle=idle,attack=attack@0.12-0.7,death=death	models/heroes/elder_titan/elder_titan_bracer.vmdl_c,models/heroes/elder_titan/elder_titan_hair.vmdl_c,models/heroes/elder_titan/elder_titan_hammer.vmdl_c,models/heroes/elder_titan/elder_titan_shoulder.vmdl_c
ember_spirit	models/heroes/ember_spirit/ember_spirit.vmdl_c	--dirs 8 --frame 160 --world 160 --margin 1.4 --fps 12 --max-frames 12 --pixel --anims cast=cast@0-0.75,walk=run,idle=idle,attack=attack@0.12-0.7,death=death,spin=slieght|sleight|fist	models/heroes/ember_spirit/arm.vmdl_c,models/heroes/ember_spirit/back.vmdl_c,models/heroes/ember_spirit/belt.vmdl_c,models/heroes/ember_spirit/head.vmdl_c,models/heroes/ember_spirit/shoulder.vmdl_c,models/heroes/ember_spirit/weapon1.vmdl_c,models/heroes/ember_spirit/weapon2.vmdl_c
grimstroke	models/heroes/grimstroke/grimstroke.vmdl_c	--dirs 8 --frame 160 --world 160 --margin 1.4 --fps 12 --max-frames 12 --pixel --light 1.3 --anims cast=cast@0-0.75,walk=run,idle=idle,attack=attack@0.12-0.7,death=death	models/heroes/grimstroke/grimstroke_armor.vmdl_c,models/heroes/grimstroke/grimstroke_head_item.vmdl_c,models/heroes/grimstroke/grimstroke_skirt.vmdl_c,models/heroes/grimstroke/grimstroke_weapon.vmdl_c
gyrocopter	models/heroes/gyro/gyro.vmdl_c	--dirs 8 --frame 160 --world 160 --margin 1.4 --fps 12 --max-frames 12 --pixel --anims cast=cast@0-0.75,walk=run,idle=idle,attack=attack@0.12-0.7,death=death	models/heroes/gyro/gyro_bottles.vmdl_c,models/heroes/gyro/gyro_gloves.vmdl_c,models/heroes/gyro/gyro_goggles.vmdl_c,models/heroes/gyro/gyro_guns.vmdl_c,models/heroes/gyro/gyro_head.vmdl_c,models/heroes/gyro/gyro_propeller.vmdl_c
keeper_of_the_light	models/heroes/keeper_of_the_light/keeper_of_the_light.vmdl_c	--dirs 8 --frame 160 --world 160 --margin 1.4 --fps 12 --max-frames 12 --pixel --anims cast=cast@0-0.75,walk=run,idle=idle,attack=attack@0.12-0.7,death=death	models/heroes/keeper_of_the_light/kotl_hood.vmdl_c,models/heroes/keeper_of_the_light/kotl_horse.vmdl_c,models/heroes/keeper_of_the_light/kotl_skirt.vmdl_c,models/heroes/keeper_of_the_light/kotl_staff.vmdl_c
magnus	models/heroes/magnataur/magnataur.vmdl_c	--dirs 8 --frame 160 --world 160 --margin 1.4 --fps 12 --max-frames 12 --pixel --anims cast=cast@0-0.75,walk=run,idle=idle,attack=attack@0.12-0.7,death=death	models/heroes/magnataur/magnataur_belt.vmdl_c,models/heroes/magnataur/magnataur_bracers.vmdl_c,models/heroes/magnataur/magnataur_hair.vmdl_c,models/heroes/magnataur/magnataur_horn.vmdl_c,models/heroes/magnataur/magnataur_weapon.vmdl_c
mars	models/heroes/mars/mars.vmdl_c	--dirs 8 --frame 160 --world 160 --margin 1.4 --fps 12 --max-frames 12 --pixel --anims cast=cast@0-0.75,walk=run,idle=idle,attack=attack@0.12-0.7,death=death	models/heroes/mars/mars_shield.vmdl_c,models/heroes/mars/mars_spear.vmdl_c,models/heroes/mars/mars_upper.vmdl_c
# Волна 9 героев (2026-09-06)
morphling	models/heroes/morphling/morphling.vmdl_c	--dirs 8 --frame 160 --world 160 --margin 1.4 --fps 12 --max-frames 12 --pixel --light 1.3 --anims cast=cast@0-0.75,walk=run,idle=idle,attack=attack@0.12-0.7,death=death
naga_siren	models/heroes/siren/siren.vmdl_c	--dirs 8 --frame 160 --world 160 --margin 1.4 --fps 12 --max-frames 12 --pixel --anims cast=cast@0-0.75,walk=run,idle=idle,attack=attack@0.12-0.7,death=death	models/heroes/siren/siren_armor.vmdl_c,models/heroes/siren/siren_hair.vmdl_c,models/heroes/siren/siren_tail.vmdl_c,models/heroes/siren/siren_weapon.vmdl_c,models/heroes/siren/siren_weapon_offhand.vmdl_c
natures_prophet	models/heroes/furion/furion.vmdl_c	--dirs 8 --frame 160 --world 160 --margin 1.4 --fps 12 --max-frames 12 --pixel --anims cast=cast@0-0.75,walk=run,idle=idle,attack=attack@0.12-0.7,death=death	models/heroes/furion/furion_beard.vmdl_c,models/heroes/furion/furion_bracer.vmdl_c,models/heroes/furion/furion_cape.vmdl_c,models/heroes/furion/furion_horns.vmdl_c,models/heroes/furion/furion_necklace.vmdl_c,models/heroes/furion/furion_staff.vmdl_c
nyx_assassin	models/heroes/nerubian_assassin/nerubian_assassin.vmdl_c	--dirs 8 --frame 160 --world 160 --margin 1.4 --fps 12 --max-frames 12 --pixel --light 1.3 --anims cast=cast@0-0.75,walk=run,idle=idle,attack=attack@0.12-0.7,death=death	models/heroes/nerubian_assassin/nerubian_assassin_armor.vmdl_c,models/heroes/nerubian_assassin/nerubian_assassin_helmet.vmdl_c,models/heroes/nerubian_assassin/nerubian_assassin_weapon.vmdl_c
oracle	models/heroes/oracle/oracle.vmdl_c	--dirs 8 --frame 160 --world 160 --margin 1.4 --fps 12 --max-frames 12 --pixel --anims cast=cast@0-0.75,walk=run,idle=idle,attack=attack@0.12-0.7,death=death	models/heroes/oracle/armor.vmdl_c,models/heroes/oracle/back_item.vmdl_c,models/heroes/oracle/head_item.vmdl_c,models/heroes/oracle/weapon.vmdl_c
outworld_destroyer	models/heroes/obsidian_destroyer/obsidian_destroyer.vmdl_c	--dirs 8 --frame 160 --world 160 --margin 1.4 --fps 12 --max-frames 12 --pixel --light 1.3 --anims cast=cast@0-0.75,walk=run,idle=idle,attack=attack@0.12-0.7,death=death	models/heroes/obsidian_destroyer/obsidian_destroyer_head.vmdl_c,models/heroes/obsidian_destroyer/obsidian_destroyer_horns.vmdl_c,models/heroes/obsidian_destroyer/obsidian_destroyer_weapon.vmdl_c,models/heroes/obsidian_destroyer/obsidian_destroyer_wings.vmdl_c
pangolier	models/heroes/pangolier/pangolier.vmdl_c	--dirs 8 --frame 160 --world 160 --margin 1.4 --fps 12 --max-frames 12 --pixel --anims cast=cast@0-0.75,walk=run,idle=idle,attack=attack@0.12-0.7,death=death,spin=roll|gyroshell	models/heroes/pangolier/pangolier_armor.vmdl_c,models/heroes/pangolier/pangolier_head.vmdl_c,models/heroes/pangolier/pangolier_weapon.vmdl_c
phoenix	models/heroes/phoenix/phoenix_bird.vmdl_c	--dirs 8 --frame 160 --world 160 --margin 1.4 --fps 12 --max-frames 12 --pixel --light 1.3 --anims cast=cast@0-0.75,walk=run,idle=idle,attack=attack@0.12-0.7,death=death	models/heroes/phoenix/phoenix.vmdl_c,models/heroes/phoenix/phoenix_wings.vmdl_c,models/heroes/phoenix/phoenix_bird_head.vmdl_c
# Волна 10 героев (2026-09-06)
puck	models/heroes/puck/puck.vmdl_c	--dirs 8 --frame 160 --world 160 --margin 1.4 --fps 12 --max-frames 12 --pixel --anims cast=cast@0-0.75,walk=run,idle=idle,attack=attack@0.12-0.7,death=death	models/heroes/puck/puck_horns.vmdl_c,models/heroes/puck/puck_tail.vmdl_c,models/heroes/puck/puck_wings.vmdl_c
pudge	models/heroes/pudge/pudge.vmdl_c	--dirs 8 --frame 160 --world 160 --margin 1.4 --fps 12 --max-frames 12 --pixel --anims cast=cast@0-0.75,walk=run,idle=idle,attack=attack@0.12-0.7,death=death	models/heroes/pudge/back.vmdl_c,models/heroes/pudge/belt.vmdl_c,models/heroes/pudge/bracer.vmdl_c,models/heroes/pudge/hair.vmdl_c,models/heroes/pudge/leftarm.vmdl_c,models/heroes/pudge/leftweapon.vmdl_c,models/heroes/pudge/righthook.vmdl_c,models/heroes/pudge/weapon.vmdl_c
rubick	models/heroes/rubick/rubick.vmdl_c	--dirs 8 --frame 160 --world 160 --margin 1.4 --fps 12 --max-frames 12 --pixel --anims cast=cast@0-0.75,walk=run,idle=idle,attack=attack@0.12-0.7,death=death	models/heroes/rubick/cape.vmdl_c,models/heroes/rubick/rubick_head.vmdl_c,models/heroes/rubick/rubick_staff.vmdl_c,models/heroes/rubick/shoulder.vmdl_c
sand_king	models/heroes/sand_king/sand_king.vmdl_c	--dirs 8 --frame 160 --world 160 --margin 1.4 --fps 12 --max-frames 12 --pixel --anims cast=cast@0-0.75,walk=run,idle=idle,attack=attack@0.12-0.7,death=death	models/heroes/sand_king/sand_king_arms.vmdl_c,models/heroes/sand_king/sand_king_head.vmdl_c,models/heroes/sand_king/sand_king_legs.vmdl_c,models/heroes/sand_king/sand_king_shoulder.vmdl_c,models/heroes/sand_king/sand_king_spike.vmdl_c,models/heroes/sand_king/sand_king_tail.vmdl_c
shadow_demon	models/heroes/shadow_demon/shadow_demon.vmdl_c	--dirs 8 --frame 160 --world 160 --margin 1.4 --fps 12 --max-frames 12 --pixel --light 1.3 --anims cast=cast@0-0.75,walk=run,idle=idle,attack=attack@0.12-0.7,death=death	models/heroes/shadow_demon/shadow_demon_belt.vmdl_c,models/heroes/shadow_demon/shadow_demon_cape.vmdl_c,models/heroes/shadow_demon/shadow_demon_chain.vmdl_c,models/heroes/shadow_demon/shadow_demon_tail.vmdl_c
slark	models/heroes/slark/slark.vmdl_c	--dirs 8 --frame 160 --world 160 --margin 1.4 --fps 12 --max-frames 12 --pixel --light 1.3 --anims cast=cast@0-0.75,walk=run,idle=idle,attack=attack@0.12-0.7,death=death	models/heroes/slark/bracer.vmdl_c,models/heroes/slark/cape.vmdl_c,models/heroes/slark/hood.vmdl_c,models/heroes/slark/shoulder.vmdl_c,models/heroes/slark/weapon.vmdl_c
snapfire	models/heroes/snapfire/snapfire.vmdl_c	--dirs 8 --frame 160 --world 160 --margin 1.4 --fps 12 --max-frames 12 --pixel --anims cast=cast@0-0.75,walk=run,idle=idle,attack=attack@0.12-0.7,death=death	models/heroes/snapfire/snapfire_armor.vmdl_c,models/heroes/snapfire/snapfire_body.vmdl_c,models/heroes/snapfire/snapfire_hair.vmdl_c,models/heroes/snapfire/snapfire_mount.vmdl_c,models/heroes/snapfire/snapfire_weapon.vmdl_c
spirit_breaker	models/heroes/spirit_breaker/spirit_breaker.vmdl_c	--dirs 8 --frame 160 --world 160 --margin 1.4 --fps 12 --max-frames 12 --pixel --light 1.3 --anims cast=cast@0-0.75,walk=run,idle=idle,attack=attack@0.12-0.7,death=death	models/heroes/spirit_breaker/spirit_breaker_bracers.vmdl_c,models/heroes/spirit_breaker/spirit_breaker_head.vmdl_c,models/heroes/spirit_breaker/spirit_breaker_horns.vmdl_c,models/heroes/spirit_breaker/spirit_breaker_shoulders.vmdl_c,models/heroes/spirit_breaker/spirit_breaker_tail.vmdl_c,models/heroes/spirit_breaker/spirit_breaker_weapon.vmdl_c
# Волна 11 героев (2026-09-06)
techies	models/heroes/techies/techies.vmdl_c	--dirs 8 --frame 160 --world 160 --margin 1.4 --fps 12 --max-frames 12 --pixel --anims cast=cast@0-0.75,walk=run,idle=idle,attack=attack@0.12-0.7,death=death	models/heroes/techies/techies_cart.vmdl_c,models/heroes/techies/techies_squee_costume.vmdl_c,models/heroes/techies/techies_spleen_costume.vmdl_c,models/heroes/techies/techies_spleen_weapon.vmdl_c
terrorblade	models/heroes/terrorblade/terrorblade.vmdl_c	--dirs 8 --frame 160 --world 160 --margin 1.4 --fps 12 --max-frames 12 --pixel --light 1.6 --autoexpose 0.3 --anims cast=cast@0-0.75,walk=run,idle=idle,attack=attack@0.12-0.7,death=death --glow-mask materials/models/heroes/terrorblade --glow-color 0.35,1.0,0.9 --glow-grow 18 --expose-target 0.5 --glow-mat weapon=0.35,1.0,0.9,0.75	models/heroes/terrorblade/armor.vmdl_c,models/heroes/terrorblade/horns.vmdl_c,models/heroes/terrorblade/weapon.vmdl_c,models/heroes/terrorblade/wings.vmdl_c
timbersaw	models/heroes/shredder/shredder.vmdl_c	--dirs 8 --frame 160 --world 160 --margin 1.4 --fps 12 --max-frames 12 --pixel --anims cast=cast@0-0.75,walk=run,idle=idle,attack=attack@0.12-0.7,death=death,spin=whirling|chakram	models/heroes/shredder/shredder_armor.vmdl_c,models/heroes/shredder/shredder_blade.vmdl_c,models/heroes/shredder/shredder_chainsaw.vmdl_c,models/heroes/shredder/shredder_driver_hat.vmdl_c,models/heroes/shredder/shredder_shoulders.vmdl_c
treant	models/heroes/treant_protector/treant_protector.vmdl_c	--dirs 8 --frame 160 --world 160 --margin 1.4 --fps 12 --max-frames 12 --pixel --anims cast=cast@0-0.75,walk=run,idle=idle,attack=attack@0.12-0.7,death=death	models/heroes/treant_protector/foliage.vmdl_c,models/heroes/treant_protector/hands.vmdl_c,models/heroes/treant_protector/head.vmdl_c,models/heroes/treant_protector/legs.vmdl_c
troll_warlord	models/heroes/troll_warlord/troll_warlord.vmdl_c	--dirs 8 --frame 160 --world 160 --margin 1.4 --fps 12 --max-frames 12 --pixel --anims cast=cast@0-0.75,walk=run,idle=idle,attack=attack@0.12-0.7,death=death	models/heroes/troll_warlord/troll_warlord_axe_melee_l.vmdl_c,models/heroes/troll_warlord/troll_warlord_head.vmdl_c,models/heroes/troll_warlord/troll_warlord_shoulders.vmdl_c,models/heroes/troll_warlord/troll_warlord_weapons.vmdl_c
tusk	models/heroes/tuskarr/tuskarr.vmdl_c	--dirs 8 --frame 160 --world 160 --margin 1.4 --fps 12 --max-frames 12 --pixel --anims cast=cast@0-0.75,walk=run,idle=idle,attack=attack@0.12-0.7,death=death	models/heroes/tuskarr/tusk_armor_glove.vmdl_c,models/heroes/tuskarr/tusk_cowl.vmdl_c,models/heroes/tuskarr/tusk_hat.vmdl_c,models/heroes/tuskarr/tusk_horns.vmdl_c,models/heroes/tuskarr/tusk_weapon.vmdl_c
underlord	models/heroes/abyssal_underlord/abyssal_underlord_v2.vmdl_c	--dirs 8 --frame 160 --world 160 --margin 1.4 --fps 12 --max-frames 12 --pixel --light 1.3 --anims cast=cast@0-0.75,walk=run,idle=idle,attack=attack@0.12-0.7,death=death	models/heroes/abyssal_underlord/mesh/underlord_armor.vmdl_c,models/heroes/abyssal_underlord/mesh/underlord_head.vmdl_c,models/heroes/abyssal_underlord/mesh/underlord_headitem.vmdl_c,models/heroes/abyssal_underlord/mesh/underlord_weapon.vmdl_c
undying	models/heroes/undying/undying.vmdl_c	--dirs 8 --frame 160 --world 160 --margin 1.4 --fps 12 --max-frames 12 --pixel --anims cast=cast@0-0.75,walk=run,idle=idle,attack=attack@0.12-0.7,death=death	models/heroes/undying/undying_armor.vmdl_c,models/heroes/undying/undying_belt.vmdl_c,models/heroes/undying/undying_helmet.vmdl_c,models/heroes/undying/mesh/undying_arm.vmdl_c
# Волна 12 героев (2026-09-06)
vengeful_spirit	models/heroes/vengeful/vengeful.vmdl_c	--dirs 8 --frame 160 --world 160 --margin 1.4 --fps 12 --max-frames 12 --pixel --light 1.3 --anims cast=cast@0-0.75,walk=run,idle=idle,attack=attack@0.12-0.7,death=death	models/heroes/vengeful/vengeful_hair.vmdl_c,models/heroes/vengeful/vengeful_upperbody.vmdl_c,models/heroes/vengeful/vengeful_weapon.vmdl_c
visage	models/heroes/visage/visage.vmdl_c	--dirs 8 --frame 160 --world 160 --margin 1.4 --fps 12 --max-frames 12 --pixel --light 1.3 --anims cast=cast@0-0.75,walk=run,idle=idle,attack=attack@0.12-0.7,death=death	models/heroes/visage/visage_armor.vmdl_c,models/heroes/visage/visage_head.vmdl_c
void_spirit	models/heroes/void_spirit/void_spirit.vmdl_c	--dirs 8 --frame 160 --world 160 --margin 1.4 --fps 12 --max-frames 12 --pixel --anims cast=cast@0-0.75,walk=run,idle=idle,attack=attack@0.12-0.7,death=death	models/heroes/void_spirit/void_spirit_armor.vmdl_c,models/heroes/void_spirit/void_spirit_belt.vmdl_c,models/heroes/void_spirit/void_spirit_head.vmdl_c,models/heroes/void_spirit/void_spirit_weapon.vmdl_c
weaver	models/heroes/weaver/weaver.vmdl_c	--dirs 8 --frame 160 --world 160 --margin 1.4 --fps 12 --max-frames 12 --pixel --anims cast=cast@0-0.75,walk=run,idle=idle,attack=attack@0.12-0.7,death=death	models/heroes/weaver/weaver_antlers.vmdl_c,models/heroes/weaver/weaver_arms.vmdl_c,models/heroes/weaver/weaver_head.vmdl_c,models/heroes/weaver/weaver_legs.vmdl_c
winter_wyvern	models/heroes/winterwyvern/winterwyvern.vmdl_c	--dirs 8 --frame 160 --world 160 --margin 1.4 --fps 12 --max-frames 12 --pixel --anims cast=cast@0-0.75,walk=run,idle=idle,attack=attack@0.12-0.7,death=death	models/heroes/winterwyvern/winterwyvern_backitem.vmdl_c,models/heroes/winterwyvern/winterwyvern_crown.vmdl_c
arc_warden	models/heroes/arc_warden/arc_warden.vmdl_c	--dirs 8 --frame 160 --world 160 --margin 1.4 --fps 12 --max-frames 12 --pixel --anims cast=cast@0-0.75,walk=run,idle=idle,attack=attack@0.12-0.7,death=death	models/heroes/arc_warden/arc_warden_back.vmdl_c,models/heroes/arc_warden/arc_warden_bracers.vmdl_c,models/heroes/arc_warden/arc_warden_shoulder.vmdl_c
dawnbreaker	models/heroes/dawnbreaker/dawnbreaker.vmdl_c	--dirs 8 --frame 160 --world 160 --margin 1.4 --fps 12 --max-frames 12 --pixel --anims cast=cast@0-0.75,walk=run,idle=idle,attack=attack@0.12-0.7,death=death,spin=starbreaker|smash	models/heroes/dawnbreaker/dawnbreaker_armor.vmdl_c,models/heroes/dawnbreaker/dawnbreaker_arms.vmdl_c,models/heroes/dawnbreaker/dawnbreaker_head.vmdl_c,models/heroes/dawnbreaker/dawnbreaker_weapon.vmdl_c
hoodwink	models/heroes/hoodwink/hoodwink.vmdl_c	--dirs 8 --frame 160 --world 160 --margin 1.4 --fps 12 --max-frames 12 --pixel --anims cast=cast@0-0.75,walk=run,idle=idle,attack=attack@0.12-0.7,death=death	models/heroes/hoodwink/hoodwink_crossbow.vmdl_c,models/heroes/hoodwink/hoodwink_hood.vmdl_c,models/heroes/hoodwink/hoodwink_tail.vmdl_c
# Волна 13 героев (2026-09-06)
marci	models/heroes/marci/marci_base.vmdl_c	--dirs 8 --frame 160 --world 160 --margin 1.4 --fps 12 --max-frames 12 --pixel --anims cast=cast@0-0.75,walk=run,idle=idle,attack=attack@0.12-0.7,death=death	models/heroes/marci/marci_back.vmdl_c,models/heroes/marci/marci_head.vmdl_c,models/heroes/marci/marci_shoulders.vmdl_c
muerta	models/heroes/muerta/muerta_base.vmdl_c	--dirs 8 --frame 160 --world 160 --margin 1.4 --fps 12 --max-frames 12 --pixel --anims cast=cast@0-0.75,walk=run,idle=idle,attack=attack@0.12-0.7,death=death	models/heroes/muerta/muerta_armor.vmdl_c,models/heroes/muerta/muerta_back.vmdl_c,models/heroes/muerta/muerta_head.vmdl_c,models/heroes/muerta/muerta_weapons.vmdl_c
primal_beast	models/heroes/primal_beast/primal_beast_base.vmdl_c	--dirs 8 --frame 160 --world 160 --margin 1.4 --fps 12 --max-frames 12 --pixel --anims cast=cast@0-0.75,walk=run,idle=idle,attack=attack@0.12-0.7,death=death,spin=trample|onslaught	models/heroes/primal_beast/primal_beast_armor.vmdl_c,models/heroes/primal_beast/primal_beast_back.vmdl_c,models/heroes/primal_beast/primal_beast_leg.vmdl_c
kez	models/heroes/kez/kez_base.vmdl_c	--dirs 8 --frame 160 --world 160 --margin 1.4 --fps 12 --max-frames 12 --pixel --anims cast=cast@0-0.75,walk=run,idle=idle,attack=attack@0.12-0.7,death=death,spin=raptor|dance	models/heroes/kez/kez_belt.vmdl_c,models/heroes/kez/kez_feathers.vmdl_c,models/heroes/kez/kez_head.vmdl_c,models/heroes/kez/kez_shoulder.vmdl_c,models/heroes/kez/kez_weapon.vmdl_c
ringmaster	models/heroes/ringmaster/ringmaster_base.vmdl_c	--dirs 8 --frame 160 --world 160 --margin 1.4 --fps 12 --max-frames 12 --pixel --anims cast=cast@0-0.75,walk=run,idle=idle,attack=attack@0.12-0.7,death=death	models/heroes/ringmaster/ringmaster_armor.vmdl_c,models/heroes/ringmaster/ringmaster_belt.vmdl_c,models/heroes/ringmaster/ringmaster_hands.vmdl_c,models/heroes/ringmaster/ringmaster_head.vmdl_c,models/heroes/ringmaster/ringmaster_weapon.vmdl_c
meepo	models/heroes/meepo/meepo.vmdl_c	--dirs 8 --frame 160 --world 160 --margin 1.4 --fps 12 --max-frames 12 --pixel --anims cast=earthbind|cast@0-0.75,walk=run,idle=idle,attack=attack@0.12-0.7,death=death	models/heroes/meepo/bracers.vmdl_c,models/heroes/meepo/hood.vmdl_c,models/heroes/meepo/meepo_weapon.vmdl_c,models/heroes/meepo/pack.vmdl_c,models/heroes/meepo/shoulders.vmdl_c,models/heroes/meepo/tail.vmdl_c
io	models/heroes/wisp/wisp.vmdl_c	--dirs 8 --frame 128 --world 64 --fps 12 --max-frames 12 --pixel --light 2.0 --glow-mat .*=225,245,255,1.0 --anims cast=cast@0-0.75,walk=run,idle=idle,attack=attack@0.12-0.7,death=death
# Скины, партия 3 (2026-09-06): арканы героев волн 2-12
pudge@arcana	models/items/pudge/arcana/pudge_arcana_base.vmdl_c	--dirs 8 --frame 160 --world 160 --margin 1.4 --fps 12 --max-frames 12 --pixel --anims cast=cast@0-0.75,walk=run,idle=idle,attack=attack@0.12-0.7,death=death	models/items/pudge/arcana/pudge_arcana_back.vmdl_c
rubick@arcana	models/items/rubick/rubick_arcana/rubick_arcana_base.vmdl_c	--dirs 8 --frame 160 --world 160 --margin 1.4 --fps 12 --max-frames 12 --pixel --anims cast=cast@0-0.75,walk=run,idle=idle,attack=attack@0.12-0.7,death=death	models/items/rubick/rubick_arcana/rubick_arcana_back.vmdl_c,models/heroes/rubick/rubick_head.vmdl_c,models/heroes/rubick/rubick_staff.vmdl_c,models/heroes/rubick/shoulder.vmdl_c
skywrath_mage@arcana	models/items/skywrath_mage/skywrath_arcana/skywrath_arcana.vmdl_c	--dirs 8 --frame 160 --world 160 --margin 1.4 --fps 12 --max-frames 12 --pixel --anims cast=cast@0-0.75,walk=run,idle=idle,attack=attack@0.12-0.7,death=death	models/items/skywrath_mage/skywrath_arcana/skywrath_mage_arcana_arms.vmdl_c,models/items/skywrath_mage/skywrath_arcana/skywrath_mage_arcana_belt.vmdl_c,models/items/skywrath_mage/skywrath_arcana/skywrath_mage_arcana_head.vmdl_c,models/items/skywrath_mage/skywrath_arcana/skywrath_mage_arcana_shoulder.vmdl_c,models/items/skywrath_mage/skywrath_arcana/skywrath_mage_arcana_weapon.vmdl_c,models/items/skywrath_mage/skywrath_arcana/skywrath_mage_arcana_wings.vmdl_c
spectre@arcana	models/items/spectre/spectre_arcana/spectre_arcana_base.vmdl_c	--dirs 8 --frame 160 --world 160 --margin 1.4 --fps 12 --max-frames 12 --pixel --light 1.3 --anims cast=cast@0-0.75,walk=run,idle=idle,attack=attack@0.12-0.7,death=death	models/items/spectre/spectre_arcana/spectre_arcana_head.vmdl_c,models/items/spectre/spectre_arcana/spectre_arcana_shoulder.vmdl_c,models/items/spectre/spectre_arcana/spectre_arcana_skirt.vmdl_c,models/items/spectre/spectre_arcana/spectre_arcana_weapon.vmdl_c
vengeful_spirit@arcana	models/items/vengefulspirit/vengeful_spirit_arcana/vengeful_spirit_arcana.vmdl_c	--dirs 8 --frame 160 --world 160 --margin 1.4 --fps 12 --max-frames 12 --pixel --light 1.3 --anims cast=cast@0-0.75,walk=run,idle=idle,attack=attack@0.12-0.7,death=death	models/items/vengefulspirit/vengeful_spirit_arcana/vengeful_spirit_arcana_head.vmdl_c,models/items/vengefulspirit/vengeful_spirit_arcana/vengeful_spirit_arcana_legs.vmdl_c,models/items/vengefulspirit/vengeful_spirit_arcana/vengeful_spirit_arcana_shoulders.vmdl_c,models/items/vengefulspirit/vengeful_spirit_arcana/vengeful_spirit_arcana_weapon.vmdl_c
# Аркана Drow (Dread Retribution): основная модель — тело арканы `drow_arcana.vmdl_c` (свой риг и клипы
# `drow_arc_*`), части — предметы арканы. «Размазня», из-за которой это откатывали на `drow_base` (T13.28),
# была не в модели, а в выборе клипов: части приносят свои `cloth_*`-клипы, и `idle`/`death` брались у плаща
# (тело стояло в bind-позе). Теперь клипы берутся только из основной модели.
drow_ranger@arcana	models/items/drow/drow_arcana/drow_arcana.vmdl_c	--dirs 8 --frame 160 --world 160 --margin 1.4 --fps 12 --max-frames 12 --pixel --anims cast=cast@0-0.75,walk=run,idle=idle,attack=attack@0.12-0.7,death=death	models/items/drow/drow_arcana/drow_arcana_arms.vmdl_c,models/items/drow/drow_arcana/drow_arcana_back.vmdl_c,models/items/drow/drow_arcana/drow_arcana_head.vmdl_c,models/items/drow/drow_arcana/drow_arcana_legs.vmdl_c,models/items/drow/drow_arcana/drow_arcana_quiver.vmdl_c,models/items/drow/drow_arcana/drow_arcana_shoulder.vmdl_c,models/items/drow/drow_arcana/drow_arcana_weapon.vmdl_c
# Альтернативные формы (2026-09-06): Metamorphosis / Elder Dragon Form / True Form
terrorblade@meta	models/heroes/terrorblade/demon.vmdl_c	--dirs 8 --frame 160 --world 160 --margin 1.4 --fps 12 --max-frames 12 --pixel --light 1.6 --autoexpose 0.3 --expose-target 0.5 --anims cast=cast@0-0.75,walk=run,idle=idle,attack=attack@0.12-0.7,death=death --glow-mask materials/models/heroes/terrorblade --glow-grow 18 --glow-color 0.2,0.85,0.8 --glow-mat demon_color=0.15,0.72,0.68,0.6
dragon_knight@meta	models/heroes/dragon_knight/dragon_knight_dragon.vmdl_c	--dirs 8 --frame 160 --world 160 --margin 1.4 --fps 12 --max-frames 12 --pixel --anims cast=cast@0-0.75,walk=run,idle=idle,attack=attack@0.12-0.7
lone_druid@meta	models/heroes/lone_druid/true_form.vmdl_c	--dirs 8 --frame 160 --world 160 --margin 1.4 --fps 12 --max-frames 12 --pixel --anims cast=cast@0-0.75,walk=run,idle=idle,attack=attack@0.12-0.7,death=death
# Стили аркан (T13.27): та же модель, color-текстуры подменяются набором стиля из vpk
juggernaut@arcana~style1	models/heroes/juggernaut/juggernaut_arcana.vmdl_c	--dirs 8 --frame 160 --world 160 --margin 1.4 --fps 12 --max-frames 12 --pixel --anims cast=cast@0-0.75,walk=run_run,idle=idle,attack=attack@0.12-0.7,death=death,spin=attack_spin --drop-mat mask_tail$ --drop-vgroup chain_[3-9] --light 1.5 --autoexpose 0.22 --style v2 --glow-from-alpha 1.0,0.55,0.2 --glow-mask materials/models/items/juggernaut/arcana --glow-color 1.0,0.55,0.2	models/heroes/juggernaut/juggernaut_pants.vmdl_c,models/heroes/juggernaut/jugg_sword.vmdl_c,models/heroes/juggernaut/jugg_bracers.vmdl_c,models/items/juggernaut/arcana/juggernaut_arcana_mask.vmdl_c
earthshaker@arcana~style1	models/items/earthshaker/earthshaker_arcana/earthshaker_arcana.vmdl_c	--dirs 8 --frame 160 --world 160 --margin 1.4 --fps 12 --max-frames 12 --pixel --anims cast=cast@0-0.75,walk=run,idle=idle,attack=attack@0.12-0.7,death=death --style style1	models/items/earthshaker/earthshaker_arcana/earthshaker_arcana_belt.vmdl_c,models/items/earthshaker/earthshaker_arcana/earthshaker_arcana_bracers.vmdl_c,models/items/earthshaker/earthshaker_arcana/earthshaker_arcana_head.vmdl_c,models/items/earthshaker/earthshaker_arcana/earthshaker_arcana_weapon.vmdl_c
queen_of_pain@arcana~style1	models/items/queenofpain/arcana/queenofpain_arcana_base_remodel.vmdl_c	--dirs 8 --frame 160 --world 160 --margin 1.4 --fps 12 --max-frames 12 --pixel --anims cast=qop_arc_scream|qop_arc_sonicwave@0-0.75,walk=qop_arc_new_rig2_run|run,idle=qop_arc_new_rig2_idle|idle,attack=qop_arc_new_rig2_attack|qop_arc_attack@0.12-0.7 --fix-tex materials/models/items/queenofpain/queenofpain_arcana --mat-map 0=queenofpain_arcana_wings,1=queenofpain_arcana_armor,2=queenofpain_arcana_legs,3=queenofpain_arcana_head,4=queenofpain_arcana_base,5=queenofpain_arcana_head,alexgrey=queenofpain_arcana_dagger,ember_sindur_sensei_weapon=queenofpain_arcana_dagger --style style1	models/items/queenofpain/arcana/qop_arcana_weapon_model.vmdl_c
windranger@arcana~style1	models/heroes/windrunner/windrunner.vmdl_c	--dirs 8 --frame 160 --world 160 --margin 1.4 --fps 12 --max-frames 12 --pixel --anims cast=cast@0-0.75,walk=run,idle=idle,attack=attack@0.12-0.7,death=death --style style1	models/items/windrunner/fluttering_breeze/fluttering_breeze_back_arcana.vmdl_c,models/items/windrunner/fluttering_breeze/fluttering_breeze_head_arcana.vmdl_c,models/items/windrunner/fluttering_breeze/fluttering_breeze_offhand_arcana.vmdl_c,models/items/windrunner/fluttering_breeze/fluttering_breeze_shoulders_arcana.vmdl_c,models/items/windrunner/fluttering_breeze/fluttering_breeze_weapon_arcana.vmdl_c
ogre_magi@arcana~style1	models/items/ogre_magi/ogre_arcana/ogre_magi_arcana.vmdl_c	--dirs 8 --frame 160 --world 160 --margin 1.4 --fps 12 --max-frames 12 --pixel --anims cast=cast@0-0.75,walk=run,idle=idle,attack=attack@0.12-0.7,death=death --style style1	models/items/ogre_magi/ogre_arcana/ogre_magi_arcana_head.vmdl_c,models/items/ogre_magi/ogre_arcana/ogre_magi_arcana_tail.vmdl_c
pudge@arcana~style1	models/items/pudge/arcana/pudge_arcana_base.vmdl_c	--dirs 8 --frame 160 --world 160 --margin 1.4 --fps 12 --max-frames 12 --pixel --anims cast=cast@0-0.75,walk=run,idle=idle,attack=attack@0.12-0.7,death=death --style style1	models/items/pudge/arcana/pudge_arcana_back.vmdl_c
drow_ranger@arcana~style1	models/items/drow/drow_arcana/drow_arcana.vmdl_c	--dirs 8 --frame 160 --world 160 --margin 1.4 --fps 12 --max-frames 12 --pixel --anims cast=cast@0-0.75,walk=run,idle=idle,attack=attack@0.12-0.7,death=death --style style1	models/items/drow/drow_arcana/drow_arcana_arms.vmdl_c,models/items/drow/drow_arcana/drow_arcana_back.vmdl_c,models/items/drow/drow_arcana/drow_arcana_head.vmdl_c,models/items/drow/drow_arcana/drow_arcana_legs.vmdl_c,models/items/drow/drow_arcana/drow_arcana_quiver.vmdl_c,models/items/drow/drow_arcana/drow_arcana_shoulder.vmdl_c,models/items/drow/drow_arcana/drow_arcana_weapon.vmdl_c
# Сеты Dota (T13.27): базовая модель героя + части сета вместо стандартной косметики
juggernaut@bladesrunner	models/heroes/juggernaut/juggernaut.vmdl_c	--dirs 8 --frame 160 --world 160 --margin 1.4 --fps 12 --max-frames 12 --pixel --anims cast=cast@0-0.75,walk=run_run,idle=idle,attack=attack@0.12-0.7,death=death,spin=attack_spin	models/items/juggernaut/bladesrunner_arms/bladesrunner_arms.vmdl_c,models/items/juggernaut/bladesrunner_back/bladesrunner_back.vmdl_c,models/items/juggernaut/bladesrunner_head/bladesrunner_head.vmdl_c,models/items/juggernaut/bladesrunner_legs/bladesrunner_legs.vmdl_c,models/items/juggernaut/bladesrunner_weapon/bladesrunner_weapon.vmdl_c
phantom_assassin@darkfeather	models/heroes/phantom_assassin/phantom_assassin.vmdl_c	--dirs 8 --frame 160 --world 160 --margin 1.4 --fps 12 --max-frames 12 --pixel --light 1.4 --anims cast=cast@0-0.75,walk=run,idle=idle,attack=attack@0.12-0.7,death=death	models/items/phantom_assassin/assassination_of_dark_feather_back/assassination_of_dark_feather_back.vmdl_c,models/items/phantom_assassin/assassination_of_dark_feather_belt/assassination_of_dark_feather_belt.vmdl_c,models/items/phantom_assassin/assassination_of_dark_feather_head/assassination_of_dark_feather_head.vmdl_c,models/items/phantom_assassin/assassination_of_dark_feather_shoulder/assassination_of_dark_feather_shoulder.vmdl_c,models/items/phantom_assassin/assassination_of_dark_feather_weapon/assassination_of_dark_feather_weapon.vmdl_c
axe@blackthorn	models/heroes/axe/axe.vmdl_c	--dirs 8 --frame 160 --world 160 --margin 1.4 --fps 12 --max-frames 12 --pixel --anims cast=cast@0-0.75,walk=run,idle=idle,attack=attack@0.12-0.7,death=death	models/items/axe/axe_blackthorn_armor/axe_blackthorn_armor.vmdl_c,models/items/axe/axe_blackthorn_belt/axe_blackthorn_belt.vmdl_c,models/items/axe/axe_blackthorn_head/axe_blackthorn_head.vmdl_c,models/items/axe/axe_blackthorn_misc/axe_blackthorn_misc.vmdl_c,models/items/axe/axe_blackthorn_weapon/axe_blackthorn_weapon.vmdl_c
pudge@scarecrow	models/heroes/pudge/pudge.vmdl_c	--dirs 8 --frame 160 --world 160 --margin 1.4 --fps 12 --max-frames 12 --pixel --anims cast=cast@0-0.75,walk=run,idle=idle,attack=attack@0.12-0.7,death=death	models/items/pudge/nightmare_scarecrow_arms/nightmare_scarecrow_arms.vmdl_c,models/items/pudge/nightmare_scarecrow_back/nightmare_scarecrow_back.vmdl_c,models/items/pudge/nightmare_scarecrow_belt/nightmare_scarecrow_belt.vmdl_c,models/items/pudge/nightmare_scarecrow_head/nightmare_scarecrow_head.vmdl_c,models/items/pudge/nightmare_scarecrow_off_hand/nightmare_scarecrow_off_hand.vmdl_c,models/items/pudge/nightmare_scarecrow_shoulder/nightmare_scarecrow_shoulder.vmdl_c,models/items/pudge/nightmare_scarecrow_weapon/nightmare_scarecrow_weapon.vmdl_c
terrorblade@arcana	models/heroes/terrorblade/terrorblade_arcana.vmdl_c	--dirs 8 --frame 160 --world 160 --margin 1.4 --fps 12 --max-frames 12 --pixel --light 1.6 --autoexpose 0.3 --anims cast=cast@0-0.75,walk=run,idle=idle,attack=attack@0.12-0.7,death=death --glow-mask materials/models/heroes/terrorblade --glow-color 1.0,0.3,0.3 --glow-grow 18 --expose-target 0.5 --glow-mat weapon=1.0,0.3,0.3,0.75;terrorblade_color|armor_color=1.0,0.3,0.3,0.4	models/heroes/terrorblade/armor.vmdl_c,models/heroes/terrorblade/horns_arcana.vmdl_c,models/heroes/terrorblade/weapon.vmdl_c,models/heroes/terrorblade/wings.vmdl_c
# Сет на каждого героя без косметики (T13.27): базовая модель + части сета
lina@dragonfire	models/heroes/lina/lina.vmdl_c	--dirs 8 --frame 160 --world 160 --margin 1.4 --fps 12 --max-frames 12 --pixel --anims cast=cast@0-0.75,walk=run,idle=idle,attack=attack@0.12-0.7,death=death	models/items/lina/dragonfire_arms/dragonfire_arms.vmdl_c,models/items/lina/dragonfire_belt/dragonfire_belt.vmdl_c,models/items/lina/dragonfire_hair/dragonfire_hair.vmdl_c,models/items/lina/dragonfire_neck/dragonfire_neck.vmdl_c
lich@rime_lord	models/heroes/lich/lich.vmdl_c	--dirs 8 --frame 160 --world 160 --margin 1.4 --fps 12 --max-frames 12 --pixel --anims cast=cast@0-0.75,walk=run,idle=idle,attack=attack@0.12-0.7,death=death	models/items/lich/lich_rime_lord_arms/lich_rime_lord_arms.vmdl_c,models/items/lich/lich_rime_lord_back/lich_rime_lord_back.vmdl_c,models/items/lich/lich_rime_lord_belt/lich_rime_lord_belt.vmdl_c,models/items/lich/lich_rime_lord_head/lich_rime_lord_head.vmdl_c,models/items/lich/lich_rime_lord_neck/lich_rime_lord_neck.vmdl_c
bristleback@wrathrunner	models/heroes/bristleback/bristleback.vmdl_c	--dirs 8 --frame 160 --world 160 --margin 1.4 --fps 12 --max-frames 12 --pixel --anims cast=cast@0-0.75,walk=run,idle=idle,attack=attack@0.12-0.7,death=death	models/items/bristleback/wrathrunner_arms/wrathrunner_arms.vmdl_c,models/items/bristleback/wrathrunner_back/wrathrunner_back.vmdl_c,models/items/bristleback/wrathrunner_head/wrathrunner_head.vmdl_c,models/items/bristleback/wrathrunner_neck/wrathrunner_neck.vmdl_c,models/items/bristleback/wrathrunner_weapon/wrathrunner_weapon.vmdl_c
sven@arbiter	models/heroes/sven/sven.vmdl_c	--dirs 8 --frame 160 --world 160 --margin 1.4 --fps 12 --max-frames 12 --pixel --anims cast=cast@0-0.75,walk=run,idle=idle,attack=attack@0.12-0.7,death=death	models/items/sven/arbiter_arms/arbiter_arms.vmdl_c,models/items/sven/arbiter_back/arbiter_back.vmdl_c,models/items/sven/arbiter_belt/arbiter_belt.vmdl_c,models/items/sven/arbiter_head/arbiter_head.vmdl_c,models/items/sven/arbiter_shoulder/arbiter_shoulder.vmdl_c,models/items/sven/arbiter_weapon/arbiter_weapon.vmdl_c
storm_spirit@tormenta	models/heroes/storm_spirit/storm_spirit.vmdl_c	--dirs 8 --frame 160 --world 160 --margin 1.4 --fps 12 --max-frames 12 --pixel --anims cast=cast@0-0.75,walk=run,idle=idle,attack=attack@0.12-0.7,death=death	models/items/storm_spirit/tormenta_armor/tormenta_armor.vmdl_c,models/items/storm_spirit/tormenta_arms/tormenta_arms.vmdl_c,models/items/storm_spirit/tormenta_head/tormenta_head.vmdl_c
leshrac@force_of_kylin	models/heroes/leshrac/leshrac.vmdl_c	--dirs 8 --frame 160 --world 160 --margin 1.4 --fps 12 --max-frames 12 --pixel --anims cast=cast@0-0.75,walk=run,idle=idle,attack=attack@0.12-0.7,death=death	models/items/leshrac/force_of_kylin_back/force_of_kylin_back.vmdl_c,models/items/leshrac/force_of_kylin_head/force_of_kylin_head.vmdl_c,models/items/leshrac/force_of_kylin_misc/force_of_kylin_misc.vmdl_c,models/items/leshrac/force_of_kylin_tail/force_of_kylin_tail.vmdl_c,models/items/leshrac/force_of_kylin_weapon/force_of_kylin_weapon.vmdl_c
ursa@circus_ursa	models/heroes/ursa/ursa.vmdl_c	--dirs 8 --frame 160 --world 160 --margin 1.4 --fps 12 --max-frames 12 --pixel --anims cast=cast@0-0.75,walk=run,idle=idle,attack=attack@0.12-0.7,death=death	models/items/ursa/circus_ursa_arms/circus_ursa_arms.vmdl_c,models/items/ursa/circus_ursa_back/circus_ursa_back.vmdl_c,models/items/ursa/circus_ursa_belt/circus_ursa_belt.vmdl_c,models/items/ursa/circus_ursa_head/circus_ursa_head.vmdl_c,models/items/ursa/circus_ursa_weapon/circus_ursa_weapon.vmdl_c
lion@dota_plus_lion	models/heroes/lion/lion.vmdl_c	--dirs 8 --frame 160 --world 160 --margin 1.4 --fps 12 --max-frames 12 --pixel --anims cast=cast@0-0.75,walk=run,idle=idle,attack=attack@0.12-0.7,death=death	models/items/lion/dota_plus_lion_arms/dota_plus_lion_arms.vmdl_c,models/items/lion/dota_plus_lion_back/dota_plus_lion_back.vmdl_c,models/items/lion/dota_plus_lion_head/dota_plus_lion_head.vmdl_c,models/items/lion/dota_plus_lion_shoulder/dota_plus_lion_shoulder.vmdl_c,models/items/lion/dota_plus_lion_weapon/dota_plus_lion_weapon.vmdl_c
pugna@furious_phantasm	models/heroes/pugna/pugna.vmdl_c	--dirs 8 --frame 160 --world 160 --margin 1.4 --fps 12 --max-frames 12 --pixel --anims cast=cast@0-0.75,walk=run,idle=idle,attack=attack@0.12-0.7,death=death	models/items/pugna/furious_phantasm_arms/furious_phantasm_arms.vmdl_c,models/items/pugna/furious_phantasm_back/furious_phantasm_back.vmdl_c,models/items/pugna/furious_phantasm_belt/furious_phantasm_belt.vmdl_c,models/items/pugna/furious_phantasm_head/furious_phantasm_head.vmdl_c,models/items/pugna/furious_phantasm_shoulder/furious_phantasm_shoulder.vmdl_c,models/items/pugna/furious_phantasm_weapon/furious_phantasm_weapon.vmdl_c
tidehunter@swamp_monster	models/heroes/tidehunter/tidehunter.vmdl_c	--dirs 8 --frame 160 --world 160 --margin 1.4 --fps 12 --max-frames 12 --pixel --anims cast=cast@0-0.75,walk=run,idle=idle,attack=attack@0.12-0.7,death=death	models/items/tidehunter/swamp_monster_arms/swamp_monster_arms.vmdl_c,models/items/tidehunter/swamp_monster_back/swamp_monster_back.vmdl_c,models/items/tidehunter/swamp_monster_belt/swamp_monster_belt.vmdl_c,models/items/tidehunter/swamp_monster_head/swamp_monster_head.vmdl_c,models/items/tidehunter/swamp_monster_off_hand/swamp_monster_off_hand.vmdl_c,models/items/tidehunter/swamp_monster_weapon/swamp_monster_weapon.vmdl_c
clinkz@khans_champion	models/heroes/clinkz/clinkz.vmdl_c	--dirs 8 --frame 160 --world 160 --margin 1.4 --fps 12 --max-frames 12 --pixel --light 1.3 --anims cast=cast@0-0.75,walk=run,idle=idle,attack=attack@0.12-0.7,death=death	models/items/clinkz/khans_champion_back/khans_champion_back.vmdl_c,models/items/clinkz/khans_champion_head/khans_champion_head.vmdl_c,models/items/clinkz/khans_champion_shoulder/khans_champion_shoulder.vmdl_c,models/items/clinkz/khans_champion_weapon/khans_champion_weapon.vmdl_c
kunkka@claddish	models/heroes/kunkka/kunkka.vmdl_c	--dirs 8 --frame 160 --world 160 --margin 1.4 --fps 12 --max-frames 12 --pixel --anims cast=cast@0-0.75,walk=run,idle=idle,attack=attack@0.12-0.7,death=death	models/items/kunkka/claddish_back/claddish_back.vmdl_c,models/items/kunkka/claddish_belt/claddish_belt.vmdl_c,models/items/kunkka/claddish_head/claddish_head.vmdl_c,models/items/kunkka/claddish_legs/claddish_legs.vmdl_c,models/items/kunkka/claddish_neck/claddish_neck.vmdl_c,models/items/kunkka/claddish_shoulder/claddish_shoulder.vmdl_c,models/items/kunkka/claddish_weapon/claddish_weapon.vmdl_c
necrophos@ti8_necro_disaster_of_pestilence	models/heroes/necrolyte/necrolyte.vmdl_c	--dirs 8 --frame 160 --world 160 --margin 1.4 --fps 12 --max-frames 12 --pixel --anims cast=cast@0-0.75,walk=run,idle=idle,attack=attack@0.12-0.7,death=death	models/items/necrolyte/ti8_necro_disaster_of_pestilence_head/ti8_necro_disaster_of_pestilence_head.vmdl_c,models/items/necrolyte/ti8_necro_disaster_of_pestilence_legs/ti8_necro_disaster_of_pestilence_legs.vmdl_c,models/items/necrolyte/ti8_necro_disaster_of_pestilence_weapon/ti8_necro_disaster_of_pestilence_weapon.vmdl_c,models/items/necrolyte/ti8_necro_disaster_of_pestilence_weapon/ti8_necro_disaster_of_pestilence_weapon_agh.vmdl_c
venomancer@poison_touch	models/heroes/venomancer/venomancer.vmdl_c	--dirs 8 --frame 160 --world 160 --margin 1.4 --fps 12 --max-frames 12 --pixel --anims cast=cast@0-0.75,walk=run,idle=idle,attack=attack@0.12-0.7,death=death	models/items/venomancer/poison_touch_arms/poison_touch_arms.vmdl_c,models/items/venomancer/poison_touch_head/poison_touch_head.vmdl_c,models/items/venomancer/poison_touch_shoulder/poison_touch_shoulder.vmdl_c,models/items/venomancer/poison_touch_tail/poison_touch_tail.vmdl_c
witch_doctor@monke	models/heroes/witchdoctor/witchdoctor.vmdl_c	--dirs 8 --frame 160 --world 160 --margin 1.4 --fps 12 --max-frames 12 --pixel --anims cast=cast@0-0.75,walk=run,idle=idle,attack=attack@0.12-0.7,death=death	models/items/witchdoctor/monke_back/monke_back.vmdl_c,models/items/witchdoctor/monke_belt/monke_belt.vmdl_c,models/items/witchdoctor/monke_head/monke_head.vmdl_c,models/items/witchdoctor/monke_shoulder/monke_shoulder.vmdl_c,models/items/witchdoctor/monke_weapon/monke_weapon.vmdl_c
luna@sets_servant	models/heroes/luna/luna.vmdl_c	--dirs 8 --frame 160 --world 160 --margin 1.4 --fps 12 --max-frames 12 --pixel --anims cast=cast@0-0.75,walk=run,idle=idle,attack=attack@0.12-0.7,death=death	models/items/luna/sets_servant_head/sets_servant_head.vmdl_c,models/items/luna/sets_servant_mount/sets_servant_mount.vmdl_c,models/items/luna/sets_servant_off_hand/sets_servant_off_hand.vmdl_c,models/items/luna/sets_servant_shoulder/sets_servant_shoulder.vmdl_c,models/items/luna/sets_servant_weapon/sets_servant_weapon.vmdl_c
bloodseeker@blood_prince_corruption	models/heroes/blood_seeker/blood_seeker.vmdl_c	--dirs 8 --frame 160 --world 160 --margin 1.4 --fps 12 --max-frames 12 --pixel --anims cast=cast@0-0.75,walk=run,idle=idle,attack=attack@0.12-0.7,death=death	models/items/blood_seeker/blood_prince_corruption_arms/blood_prince_corruption_arms.vmdl_c,models/items/blood_seeker/blood_prince_corruption_back/blood_prince_corruption_back.vmdl_c,models/items/blood_seeker/blood_prince_corruption_belt/blood_prince_corruption_belt.vmdl_c,models/items/blood_seeker/blood_prince_corruption_head/blood_prince_corruption_head.vmdl_c,models/items/blood_seeker/blood_prince_corruption_off_hand/blood_prince_corruption_off_hand.vmdl_c,models/items/blood_seeker/blood_prince_corruption_shoulder/blood_prince_corruption_shoulder.vmdl_c,models/items/blood_seeker/blood_prince_corruption_weapon/blood_prince_corruption_weapon.vmdl_c
riki@junk_rat	models/heroes/rikimaru/rikimaru.vmdl_c	--dirs 8 --frame 160 --world 160 --margin 1.4 --fps 12 --max-frames 12 --pixel --light 1.3 --anims cast=cast@0-0.75,walk=run,idle=idle,attack=attack@0.12-0.7,death=death	models/items/rikimaru/riki_junk_rat_arms/riki_junk_rat_arms.vmdl_c,models/items/rikimaru/riki_junk_rat_head/riki_junk_rat_head.vmdl_c,models/items/rikimaru/riki_junk_rat_off_hand/riki_junk_rat_off_hand.vmdl_c,models/items/rikimaru/riki_junk_rat_shoulder/riki_junk_rat_shoulder.vmdl_c,models/items/rikimaru/riki_junk_rat_tail/riki_junk_rat_tail.vmdl_c,models/items/rikimaru/riki_junk_rat_weapon/riki_junk_rat_weapon.vmdl_c
huskar@poseidon	models/heroes/huskar/huskar.vmdl_c	--dirs 8 --frame 160 --world 160 --margin 1.4 --fps 12 --max-frames 12 --pixel --anims cast=cast@0-0.75,walk=run,idle=idle,attack=attack@0.12-0.7,death=death	models/items/huskar/huskar_poseidon_arms/huskar_poseidon_arms.vmdl_c,models/items/huskar/huskar_poseidon_head/huskar_poseidon_head.vmdl_c,models/items/huskar/huskar_poseidon_off_hand/huskar_poseidon_off_hand.vmdl_c,models/items/huskar/huskar_poseidon_shoulder/huskar_poseidon_shoulder.vmdl_c,models/items/huskar/huskar_poseidon_weapon/huskar_poseidon_weapon.vmdl_c
slardar@maelrawn_falls	models/heroes/slardar/slardar.vmdl_c	--dirs 8 --frame 160 --world 160 --margin 1.4 --fps 12 --max-frames 12 --pixel --anims cast=cast@0-0.75,walk=run,idle=idle,attack=attack@0.12-0.7,death=death	models/items/slardar/maelrawn_falls_arms/maelrawn_falls_arms.vmdl_c,models/items/slardar/maelrawn_falls_back/maelrawn_falls_back.vmdl_c,models/items/slardar/maelrawn_falls_head/maelrawn_falls_head.vmdl_c,models/items/slardar/maelrawn_falls_weapon/maelrawn_falls_weapon.vmdl_c
tiny@astral_order	models/heroes/tiny/tiny_02/tiny_02.vmdl_c	--dirs 8 --frame 160 --world 160 --margin 1.4 --fps 12 --max-frames 12 --pixel --anims cast=tiny_02_toss|cast@0-0.75,walk=tiny_02_run|run,idle=tiny_02_idle|idle,attack=tiny_02_attack|attack@0.12-0.7,death=death	models/items/tiny/tiny_astral_order_back/tiny_astral_order_back.vmdl_c,models/items/tiny/tiny_astral_order_belt/tiny_astral_order_belt.vmdl_c,models/items/tiny/tiny_astral_order_neck/tiny_astral_order_neck.vmdl_c,models/items/tiny/tiny_astral_order_neck/tiny_astral_order_neck_core_fx.vmdl_c,models/items/tiny/tiny_astral_order_neck/tiny_astral_order_rock_fx_01.vmdl_c,models/items/tiny/tiny_astral_order_neck/tiny_astral_order_rock_fx_02.vmdl_c,models/items/tiny/tiny_astral_order_neck/tiny_astral_order_rock_fx_03.vmdl_c,models/items/tiny/tiny_astral_order_neck/tiny_astral_order_rock_fx_04.vmdl_c,models/items/tiny/tiny_astral_order_shoulder/tiny_astral_order_shoulder.vmdl_c,models/items/tiny/tiny_astral_order_shoulder/tiny_astral_order_shoulder_core.vmdl_c,models/items/tiny/tiny_astral_order_weapon/tiny_astral_order_weapon.vmdl_c
chaos_knight@oda_nobunaga	models/heroes/chaos_knight/chaos_knight.vmdl_c	--dirs 8 --frame 160 --world 160 --margin 1.4 --fps 12 --max-frames 12 --pixel --light 1.3 --anims cast=cast@0-0.75,walk=run,idle=idle,attack=attack@0.12-0.7,death=death	models/items/chaos_knight/oda_nobunaga_head/oda_nobunaga_head.vmdl_c,models/items/chaos_knight/oda_nobunaga_mount/oda_nobunaga_mount.vmdl_c,models/items/chaos_knight/oda_nobunaga_off_hand/oda_nobunaga_off_hand.vmdl_c,models/items/chaos_knight/oda_nobunaga_shoulder/oda_nobunaga_shoulder.vmdl_c,models/items/chaos_knight/oda_nobunaga_weapon/oda_nobunaga_weapon.vmdl_c
night_stalker@dusk_reaper	models/heroes/nightstalker/nightstalker.vmdl_c	--dirs 8 --frame 160 --world 160 --margin 1.4 --fps 12 --max-frames 12 --pixel --light 1.3 --anims cast=cast@0-0.75,walk=run,idle=idle,attack=attack@0.12-0.7,death=death	models/items/nightstalker/dusk_reaper_arms/dusk_reaper_arms.vmdl_c,models/items/nightstalker/dusk_reaper_arms/dusk_reaper_arms_night.vmdl_c,models/items/nightstalker/dusk_reaper_back/dusk_reaper_back.vmdl_c,models/items/nightstalker/dusk_reaper_back/dusk_reaper_back_night.vmdl_c,models/items/nightstalker/dusk_reaper_head/dusk_reaper_head.vmdl_c,models/items/nightstalker/dusk_reaper_head/dusk_reaper_head_night.vmdl_c,models/items/nightstalker/dusk_reaper_legs/dusk_reaper_legs.vmdl_c,models/items/nightstalker/dusk_reaper_legs/dusk_reaper_legs_night.vmdl_c,models/items/nightstalker/dusk_reaper_tail/dusk_reaper_tail.vmdl_c,models/items/nightstalker/dusk_reaper_tail/dusk_reaper_tail_night.vmdl_c
doom@cruel_gaze	models/heroes/doom/doom.vmdl_c	--dirs 8 --frame 160 --world 160 --margin 1.4 --fps 12 --max-frames 12 --pixel --anims cast=cast@0-0.75,walk=run,idle=idle,attack=attack@0.12-0.7,death=death	models/items/doom/cruel_gaze_arms/cruel_gaze_arms.vmdl_c,models/items/doom/cruel_gaze_back/cruel_gaze_back.vmdl_c,models/items/doom/cruel_gaze_belt/cruel_gaze_belt.vmdl_c,models/items/doom/cruel_gaze_head/cruel_gaze_head.vmdl_c,models/items/doom/cruel_gaze_shoulder/cruel_gaze_shoulder.vmdl_c,models/items/doom/cruel_gaze_tail/cruel_gaze_tail.vmdl_c,models/items/doom/cruel_gaze_weapon/cruel_gaze_weapon.vmdl_c
legion_commander@radiant_conqueror	models/heroes/legion_commander/legion_commander.vmdl_c	--dirs 8 --frame 160 --world 160 --margin 1.4 --fps 12 --max-frames 12 --pixel --anims cast=cast@0-0.75,walk=run,idle=idle,attack=attack@0.12-0.7,death=death	models/items/legion_commander/radiant_conqueror_arms/radiant_conqueror_arms.vmdl_c,models/items/legion_commander/radiant_conqueror_back/radiant_conqueror_back.vmdl_c,models/items/legion_commander/radiant_conqueror_head/radiant_conqueror_head.vmdl_c,models/items/legion_commander/radiant_conqueror_legs/radiant_conqueror_legs.vmdl_c,models/items/legion_commander/radiant_conqueror_shoulder/radiant_conqueror_feather_fx_01.vmdl_c,models/items/legion_commander/radiant_conqueror_shoulder/radiant_conqueror_feather_fx_02.vmdl_c,models/items/legion_commander/radiant_conqueror_shoulder/radiant_conqueror_feather_fx_03.vmdl_c,models/items/legion_commander/radiant_conqueror_shoulder/radiant_conqueror_shoulder.vmdl_c,models/items/legion_commander/radiant_conqueror_weapon/radiant_conqueror_weapon.vmdl_c
templar_assassin@jade_assassin	models/heroes/lanaya/lanaya.vmdl_c	--dirs 8 --frame 160 --world 160 --margin 1.4 --fps 12 --max-frames 12 --pixel --anims cast=cast@0-0.75,walk=run,idle=idle,attack=attack@0.12-0.7,death=death	models/items/lanaya/jade_assassin_armor/jade_assassin_armor.vmdl_c,models/items/lanaya/jade_assassin_head/jade_assassin_head.vmdl_c,models/items/lanaya/jade_assassin_shoulder/jade_assassin_shoulder.vmdl_c,models/items/lanaya/jade_assassin_weapon/jade_assassin_weapon.vmdl_c
medusa@blueice	models/heroes/medusa/medusa.vmdl_c	--dirs 8 --frame 160 --world 160 --margin 1.4 --fps 12 --max-frames 12 --pixel --anims cast=cast@0-0.75,walk=run,idle=idle,attack=attack@0.12-0.7,death=death	models/items/medusa/blueice_armor/blueice_armor.vmdl_c,models/items/medusa/blueice_arms/blueice_arms.vmdl_c,models/items/medusa/blueice_head/blueice_head.vmdl_c,models/items/medusa/blueice_tail/blueice_tail.vmdl_c,models/items/medusa/blueice_weapon/blueice_weapon.vmdl_c
silencer@silent_huner	models/heroes/silencer/silencer.vmdl_c	--dirs 8 --frame 160 --world 160 --margin 1.4 --fps 12 --max-frames 12 --pixel --anims cast=cast@0-0.75,walk=run,idle=idle,attack=attack@0.12-0.7,death=death	models/items/silencer/silent_huner_arms/silent_huner_arms.vmdl_c,models/items/silencer/silent_huner_belt/silent_huner_belt.vmdl_c,models/items/silencer/silent_huner_head/silent_huner_head.vmdl_c,models/items/silencer/silent_huner_off_hand/silent_huner_off_hand.vmdl_c,models/items/silencer/silent_huner_shoulder/silent_huner_shoulder.vmdl_c,models/items/silencer/silent_huner_weapon/silent_huner_weapon.vmdl_c
dazzle@shadowflame	models/heroes/dazzle/dazzle.vmdl_c	--dirs 8 --frame 160 --world 160 --margin 1.4 --fps 12 --max-frames 12 --pixel --anims cast=cast@0-0.75,walk=run,idle=idle,attack=attack@0.12-0.7,death=death	models/items/dazzle/shadowflame_arms/shadowflame_arms.vmdl_c,models/items/dazzle/shadowflame_back/shadowflame_back.vmdl_c,models/items/dazzle/shadowflame_legs/shadowflame_legs.vmdl_c,models/items/dazzle/shadowflame_misc/shadowflame_misc.vmdl_c,models/items/dazzle/shadowflame_weapon/shadowflame_weapon.vmdl_c
jakiro@ti7_immortal	models/heroes/jakiro/jakiro.vmdl_c	--dirs 8 --frame 160 --world 160 --margin 1.4 --fps 12 --max-frames 12 --pixel --anims cast=cast@0-0.75,walk=run,idle=idle,attack=attack@0.12-0.7,death=death	models/heroes/jakiro/jakiro_wings.vmdl_c,models/items/jakiro/jakiro_ti7_immortal_head/jakiro_ti7_immortal_head_ice.vmdl_c
shadow_shaman@dragontooth	models/heroes/shadowshaman/shadowshaman.vmdl_c	--dirs 8 --frame 160 --world 160 --margin 1.4 --fps 12 --max-frames 12 --pixel --anims cast=cast@0-0.75,walk=run,idle=idle,attack=attack@0.12-0.7,death=death	models/items/shadowshaman/dragontooth_arms/dragontooth_arms.vmdl_c,models/items/shadowshaman/dragontooth_belt/dragontooth_belt.vmdl_c,models/items/shadowshaman/dragontooth_head/dragontooth_head.vmdl_c,models/items/shadowshaman/dragontooth_off_hand/dragontooth_off_hand.vmdl_c,models/items/shadowshaman/dragontooth_weapon/dragontooth_weapon.vmdl_c
warlock@greevil_master	models/heroes/warlock/warlock.vmdl_c	--dirs 8 --frame 160 --world 160 --margin 1.4 --fps 12 --max-frames 12 --pixel --anims cast=cast@0-0.75,walk=run,idle=idle,attack=attack@0.12-0.7,death=death	models/items/warlock/greevil_master_arms/greevil_master_arms.vmdl_c,models/items/warlock/greevil_master_back/greevil_master_back.vmdl_c,models/items/warlock/greevil_master_belt/greevil_master_belt.vmdl_c,models/items/warlock/greevil_master_head/greevil_master_head.vmdl_c,models/items/warlock/greevil_master_off_hand/greevil_master_off_hand.vmdl_c,models/items/warlock/greevil_master_shoulder/greevil_master_shoulder.vmdl_c,models/items/warlock/greevil_master_weapon/greevil_master_weapon.vmdl_c
tinker@mecha_hornet	models/heroes/tinker/tinker.vmdl_c	--dirs 8 --frame 160 --world 160 --margin 1.4 --fps 12 --max-frames 12 --pixel --anims cast=cast@0-0.75,walk=run,idle=idle,attack=attack@0.12-0.7,death=death	models/items/tinker/mecha_hornet_back/mecha_hornet_back.vmdl_c,models/items/tinker/mecha_hornet_head/mecha_hornet_head.vmdl_c,models/items/tinker/mecha_hornet_off_hand/mecha_hornet_off_hand.vmdl_c,models/items/tinker/mecha_hornet_shoulder/mecha_hornet_shoulder.vmdl_c,models/items/tinker/mecha_hornet_weapon/mecha_hornet_weapon.vmdl_c
omniknight@stalwart	models/heroes/omniknight/omniknight.vmdl_c	--dirs 8 --frame 160 --world 160 --margin 1.4 --fps 12 --max-frames 12 --pixel --anims cast=cast@0-0.75,walk=run,idle=idle,attack=attack@0.12-0.7,death=death	models/items/omniknight/stalwart_arms/stalwart_arms.vmdl_c,models/items/omniknight/stalwart_back/stalwart_back.vmdl_c,models/items/omniknight/stalwart_head/stalwart_head.vmdl_c,models/items/omniknight/stalwart_shoulder/stalwart_shoulder.vmdl_c,models/items/omniknight/stalwart_weapon/stalwart_weapon.vmdl_c
abaddon@alliance_abba	models/heroes/abaddon/abaddon.vmdl_c	--dirs 8 --frame 160 --world 160 --margin 1.4 --fps 12 --max-frames 12 --pixel --light 1.3 --anims cast=cast@0-0.75,walk=run,idle=idle,attack=attack@0.12-0.7,death=death	models/items/abaddon/alliance_abba_back/alliance_abba_back.vmdl_c,models/items/abaddon/alliance_abba_head/alliance_abba_head.vmdl_c,models/items/abaddon/alliance_abba_mount/alliance_abba_mount.vmdl_c,models/items/abaddon/alliance_abba_shoulder/alliance_abba_shoulder.vmdl_c,models/items/abaddon/alliance_abba_weapon/alliance_abba_weapon.vmdl_c,models/items/abaddon/alliance_abba_weapon/alliance_abba_weapon_fx.vmdl_c
beastmaster@red_talon	models/heroes/beastmaster/beastmaster.vmdl_c	--dirs 8 --frame 160 --world 160 --margin 1.4 --fps 12 --max-frames 12 --pixel --anims cast=cast@0-0.75,walk=run,idle=idle,attack=attack@0.12-0.7,death=death	models/items/beastmaster/red_talon_arms/red_talon_arms.vmdl_c,models/items/beastmaster/red_talon_belt/red_talon_belt.vmdl_c,models/items/beastmaster/red_talon_head/red_talon_head.vmdl_c,models/items/beastmaster/red_talon_shoulder/red_talon_shoulder.vmdl_c,models/items/beastmaster/red_talon_weapon/red_talon_weapon.vmdl_c
brewmaster@traveling_chef	models/heroes/brewmaster/brewmaster.vmdl_c	--dirs 8 --frame 160 --world 160 --margin 1.4 --fps 12 --max-frames 12 --pixel --anims cast=cast@0-0.75,walk=run,idle=idle,attack=attack@0.12-0.7,death=death	models/items/brewmaster/traveling_chef_arms/traveling_chef_arms.vmdl_c,models/items/brewmaster/traveling_chef_back/traveling_chef_back.vmdl_c,models/items/brewmaster/traveling_chef_head/traveling_chef_head.vmdl_c,models/items/brewmaster/traveling_chef_off_hand/traveling_chef_off_hand.vmdl_c,models/items/brewmaster/traveling_chef_shoulder/traveling_chef_shoulder.vmdl_c,models/items/brewmaster/traveling_chef_weapon/traveling_chef_weapon.vmdl_c
centaur@warstomp	models/heroes/centaur/centaur.vmdl_c	--dirs 8 --frame 160 --world 160 --margin 1.4 --fps 12 --max-frames 12 --pixel --anims cast=cast@0-0.75,walk=run,idle=idle,attack=attack@0.12-0.7,death=death	models/items/centaur/warstomp_armor/warstomp_armor.vmdl_c,models/items/centaur/warstomp_arms/warstomp_arms.vmdl_c,models/items/centaur/warstomp_back/warstomp_back.vmdl_c,models/items/centaur/warstomp_belt/warstomp_belt.vmdl_c,models/items/centaur/warstomp_head/warstomp_head.vmdl_c,models/items/centaur/warstomp_tail/warstomp_tail.vmdl_c,models/items/centaur/warstomp_weapon/warstomp_weapon.vmdl_c
dark_seer@gombangdae	models/heroes/dark_seer/dark_seer.vmdl_c	--dirs 8 --frame 160 --world 160 --margin 1.4 --fps 12 --max-frames 12 --pixel --light 1.3 --anims cast=cast@0-0.75,walk=run,idle=idle,attack=attack@0.12-0.7,death=death	models/items/dark_seer/gombangdae_arms/gombangdae_arms.vmdl_c,models/items/dark_seer/gombangdae_back/gombangdae_back.vmdl_c,models/items/dark_seer/gombangdae_belt/gombangdae_belt.vmdl_c,models/items/dark_seer/gombangdae_head/gombangdae_head.vmdl_c,models/items/dark_seer/gombangdae_shoulder/gombangdae_shoulder.vmdl_c
death_prophet@carrion_bloom	models/heroes/death_prophet/death_prophet.vmdl_c	--dirs 8 --frame 160 --world 160 --margin 1.4 --fps 12 --max-frames 12 --pixel --light 1.3 --anims cast=cast@0-0.75,walk=run,idle=idle,attack=attack@0.12-0.7,death=death	models/items/death_prophet/carrion_bloom_armor/carrion_bloom_armor.vmdl_c,models/items/death_prophet/carrion_bloom_belt/carrion_bloom_belt.vmdl_c,models/items/death_prophet/carrion_bloom_head/carrion_bloom_head.vmdl_c,models/items/death_prophet/carrion_bloom_legs/carrion_bloom_legs.vmdl_c,models/items/death_prophet/carrion_bloom_misc/carrion_bloom_misc.vmdl_c
disruptor@ragethree	models/heroes/disruptor/disruptor.vmdl_c	--dirs 8 --frame 160 --world 160 --margin 1.4 --fps 12 --max-frames 12 --pixel --anims cast=cast@0-0.75,walk=run,idle=idle,attack=attack@0.12-0.7,death=death	models/heroes/disruptor/mount.vmdl_c,models/items/disruptor/ragethree_arms/ragethree_arms.vmdl_c,models/items/disruptor/ragethree_back/ragethree_back.vmdl_c,models/items/disruptor/ragethree_head/ragethree_head.vmdl_c,models/items/disruptor/ragethree_legs/ragethree_legs.vmdl_c,models/items/disruptor/ragethree_shoulder/ragethree_shoulder.vmdl_c,models/items/disruptor/ragethree_weapon/ragethree_weapon.vmdl_c
lycan@ambry	models/heroes/lycan/lycan.vmdl_c	--dirs 8 --frame 160 --world 160 --margin 1.4 --fps 12 --max-frames 12 --pixel --anims cast=cast@0-0.75,walk=run,idle=idle,attack=attack@0.12-0.7,death=death	models/items/lycan/ambry_armor/ambry_armor.vmdl_c,models/items/lycan/ambry_belt/ambry_belt.vmdl_c,models/items/lycan/ambry_head/ambry_head.vmdl_c,models/items/lycan/ambry_shoulder/ambry_shoulder.vmdl_c,models/items/lycan/ambry_weapon/ambry_weapon.vmdl_c
lone_druid@dark_wood	models/heroes/lone_druid/lone_druid.vmdl_c	--dirs 8 --frame 160 --world 160 --margin 1.4 --fps 12 --max-frames 12 --pixel --anims cast=cast@0-0.75,walk=run,idle=idle,attack=attack@0.12-0.7,death=death	models/items/lone_druid/dark_wood_arms/dark_wood_arms.vmdl_c,models/items/lone_druid/dark_wood_back/dark_wood_back.vmdl_c,models/items/lone_druid/dark_wood_head/dark_wood_head.vmdl_c,models/items/lone_druid/dark_wood_shoulder/dark_wood_shoulder.vmdl_c,models/items/lone_druid/dark_wood_weapon/dark_wood_weapon.vmdl_c
alchemist@frankenstein	models/heroes/alchemist/alchemist.vmdl_c	--dirs 8 --frame 160 --world 160 --margin 1.4 --fps 12 --max-frames 12 --pixel --anims cast=cast@0-0.75,walk=run,idle=idle,attack=attack@0.12-0.7,death=death	models/items/alchemist/frankenstein_armor/frankenstein_armor.vmdl_c,models/items/alchemist/frankenstein_arms/frankenstein_arms.vmdl_c,models/items/alchemist/frankenstein_back/frankenstein_back.vmdl_c,models/items/alchemist/frankenstein_neck/frankenstein_neck.vmdl_c,models/items/alchemist/frankenstein_off_hand/frankenstein_off_hand.vmdl_c,models/items/alchemist/frankenstein_shoulder/frankenstein_shoulder.vmdl_c,models/heroes/alchemist/alchemist_scabbard.vmdl_c
bane@gear	models/heroes/bane/bane.vmdl_c	--dirs 8 --frame 160 --world 160 --margin 1.4 --fps 12 --max-frames 12 --pixel --light 1.4 --anims cast=cast@0-0.75,walk=run,idle=idle,attack=attack@0.12-0.7,death=death	models/items/bane/bane_gear_arms/bane_gear_arms.vmdl_c,models/items/bane/bane_gear_back/bane_gear_back.vmdl_c,models/items/bane/bane_gear_head/bane_gear_head.vmdl_c,models/items/bane/bane_gear_shoulder/bane_gear_shoulder.vmdl_c
bounty_hunter@maniac	models/heroes/bounty_hunter/bounty_hunter.vmdl_c	--dirs 8 --frame 160 --world 160 --margin 1.4 --fps 12 --max-frames 12 --pixel --anims cast=cast@0-0.75,walk=run,idle=idle,attack=attack@0.12-0.7,death=death	models/items/bounty_hunter/maniac_armor/maniac_armor.vmdl_c,models/items/bounty_hunter/maniac_back/maniac_back.vmdl_c,models/items/bounty_hunter/maniac_head/maniac_head.vmdl_c,models/items/bounty_hunter/maniac_off_hand/maniac_off_hand.vmdl_c,models/items/bounty_hunter/maniac_shoulder/maniac_shoulder.vmdl_c,models/items/bounty_hunter/maniac_weapon/maniac_weapon.vmdl_c
broodmother@firemother	models/heroes/broodmother/broodmother.vmdl_c	--dirs 8 --frame 160 --world 160 --margin 1.4 --fps 12 --max-frames 12 --pixel --anims cast=cast@0-0.75,walk=run,idle=idle,attack=attack@0.12-0.7,death=death	models/items/broodmother/firemother_back/firemother_back.vmdl_c,models/items/broodmother/firemother_head/firemother_head.vmdl_c,models/items/broodmother/firemother_legs/firemother_legs.vmdl_c,models/items/broodmother/firemother_misc/firemother_misc.vmdl_c
clockwerk@crockwork	models/heroes/rattletrap/rattletrap.vmdl_c	--dirs 8 --frame 160 --world 160 --margin 1.4 --fps 12 --max-frames 12 --pixel --anims cast=cast@0-0.75,walk=run,idle=idle,attack=attack@0.12-0.7,death=death	models/items/rattletrap/crockwork_armor/crockwork_armor.vmdl_c,models/items/rattletrap/crockwork_head/crockwork_head.vmdl_c,models/items/rattletrap/crockwork_misc/crockwork_misc.vmdl_c,models/items/rattletrap/crockwork_weapon/crockwork_weapon.vmdl_c
earth_spirit@bowling_champion	models/heroes/earth_spirit/earth_spirit.vmdl_c	--dirs 8 --frame 160 --world 160 --margin 1.4 --fps 12 --max-frames 12 --pixel --anims cast=cast@0-0.75,walk=run,idle=idle,attack=attack@0.12-0.7,death=death	models/items/earth_spirit/bowling_champion_arms/bowling_champion_arms.vmdl_c,models/items/earth_spirit/bowling_champion_belt/bowling_champion_belt.vmdl_c,models/items/earth_spirit/bowling_champion_head/bowling_champion_head.vmdl_c,models/items/earth_spirit/bowling_champion_neck/bowling_champion_neck.vmdl_c,models/items/earth_spirit/bowling_champion_weapon/bowling_champion_weapon.vmdl_c
elder_titan@worldforger	models/heroes/elder_titan/elder_titan.vmdl_c	--dirs 8 --frame 160 --world 160 --margin 1.4 --fps 12 --max-frames 12 --pixel --anims cast=cast@0-0.75,walk=run,idle=idle,attack=attack@0.12-0.7,death=death	models/items/elder_titan/worldforger_arms/worldforger_arms.vmdl_c,models/items/elder_titan/worldforger_back/worldforger_back.vmdl_c,models/items/elder_titan/worldforger_head/worldforger_head.vmdl_c,models/items/elder_titan/worldforger_shoulder/worldforger_shoulder.vmdl_c,models/items/elder_titan/worldforger_weapon/worldforger_weapon.vmdl_c
ember_spirit@efrit_sultan	models/heroes/ember_spirit/ember_spirit.vmdl_c	--dirs 8 --frame 160 --world 160 --margin 1.4 --fps 12 --max-frames 12 --pixel --anims cast=cast@0-0.75,walk=run,idle=idle,attack=attack@0.12-0.7,death=death	models/items/ember_spirit/efrit_sultan_arms/efrit_sultan_arms.vmdl_c,models/items/ember_spirit/efrit_sultan_belt/efrit_sultan_belt.vmdl_c,models/items/ember_spirit/efrit_sultan_head/efrit_sultan_head.vmdl_c,models/items/ember_spirit/efrit_sultan_off_hand/efrit_sultan_off_hand.vmdl_c,models/items/ember_spirit/efrit_sultan_shoulder/efrit_sultan_shoulder.vmdl_c,models/items/ember_spirit/efrit_sultan_weapon/efrit_sultan_weapon.vmdl_c
grimstroke@ghost_judger	models/heroes/grimstroke/grimstroke.vmdl_c	--dirs 8 --frame 160 --world 160 --margin 1.4 --fps 12 --max-frames 12 --pixel --light 1.3 --anims cast=cast@0-0.75,walk=run,idle=idle,attack=attack@0.12-0.7,death=death	models/items/grimstroke/ghost_judger_armor/ghost_judger_armor.vmdl_c,models/items/grimstroke/ghost_judger_belt/ghost_judger_belt.vmdl_c,models/items/grimstroke/ghost_judger_head/ghost_judger_head.vmdl_c,models/items/grimstroke/ghost_judger_weapon/ghost_judger_weapon.vmdl_c
keeper_of_the_light@cradle_of_lights	models/heroes/keeper_of_the_light/keeper_of_the_light.vmdl_c	--dirs 8 --frame 160 --world 160 --margin 1.4 --fps 12 --max-frames 12 --pixel --anims cast=cast@0-0.75,walk=run,idle=idle,attack=attack@0.12-0.7,death=death	models/items/keeper_of_the_light/cradle_of_lights_armor/cradle_of_lights_armor.vmdl_c,models/items/keeper_of_the_light/cradle_of_lights_belt/cradle_of_lights_belt.vmdl_c,models/items/keeper_of_the_light/cradle_of_lights_head/cradle_of_lights_head.vmdl_c,models/items/keeper_of_the_light/cradle_of_lights_mount/cradle_of_lights_mount.vmdl_c,models/items/keeper_of_the_light/cradle_of_lights_weapon/cradle_of_lights_weapon.vmdl_c
magnus@forgemaster	models/heroes/magnataur/magnataur.vmdl_c	--dirs 8 --frame 160 --world 160 --margin 1.4 --fps 12 --max-frames 12 --pixel --anims cast=cast@0-0.75,walk=run,idle=idle,attack=attack@0.12-0.7,death=death	models/items/magnataur/forgemaster_arms/forgemaster_arms.vmdl_c,models/items/magnataur/forgemaster_belt/forgemaster_belt.vmdl_c,models/items/magnataur/forgemaster_head/forgemaster_head.vmdl_c,models/items/magnataur/forgemaster_misc/forgemaster_misc.vmdl_c,models/items/magnataur/forgemaster_weapon/forgemaster_weapon.vmdl_c
mars@imperial_envoy	models/heroes/mars/mars.vmdl_c	--dirs 8 --frame 160 --world 160 --margin 1.4 --fps 12 --max-frames 12 --pixel --anims cast=cast@0-0.75,walk=run,idle=idle,attack=attack@0.12-0.7,death=death	models/items/mars/imperial_envoy_armor/imperial_envoy_armor.vmdl_c,models/items/mars/imperial_envoy_legs/imperial_envoy_legs.vmdl_c,models/items/mars/imperial_envoy_off_hand/imperial_envoy_off_hand.vmdl_c,models/items/mars/imperial_envoy_weapon/imperial_envoy_weapon.vmdl_c
morphling@abyss_overlord	models/heroes/morphling/morphling.vmdl_c	--dirs 8 --frame 160 --world 160 --margin 1.4 --fps 12 --max-frames 12 --pixel --light 1.3 --anims cast=cast@0-0.75,walk=run,idle=idle,attack=attack@0.12-0.7,death=death	models/items/morphling/abyss_overlord_arms/abyss_overlord_arms.vmdl_c,models/items/morphling/abyss_overlord_back/abyss_overlord_back.vmdl_c,models/items/morphling/abyss_overlord_head/abyss_overlord_head.vmdl_c,models/items/morphling/abyss_overlord_misc/abyss_overlord_misc.vmdl_c,models/items/morphling/abyss_overlord_shoulder/abyss_overlord_shoulder.vmdl_c
naga_siren@the_leech_queen	models/heroes/siren/siren.vmdl_c	--dirs 8 --frame 160 --world 160 --margin 1.4 --fps 12 --max-frames 12 --pixel --anims cast=cast@0-0.75,walk=run,idle=idle,attack=attack@0.12-0.7,death=death	models/items/siren/the_leech_queen_armor/the_leech_queen_armor.vmdl_c,models/items/siren/the_leech_queen_head/the_leech_queen_head.vmdl_c,models/items/siren/the_leech_queen_legs/the_leech_queen_legs.vmdl_c,models/items/siren/the_leech_queen_off_hand/the_leech_queen_off_hand.vmdl_c,models/items/siren/the_leech_queen_weapon/the_leech_queen_weapon.vmdl_c
natures_prophet@father	models/heroes/furion/furion.vmdl_c	--dirs 8 --frame 160 --world 160 --margin 1.4 --fps 12 --max-frames 12 --pixel --anims cast=cast@0-0.75,walk=run,idle=idle,attack=attack@0.12-0.7,death=death	models/items/furion/father_arms/father_arms.vmdl_c,models/items/furion/father_back/father_back.vmdl_c,models/items/furion/father_head/father_head.vmdl_c,models/items/furion/father_neck/father_neck.vmdl_c,models/items/furion/father_shoulder/father_shoulder.vmdl_c,models/items/furion/father_weapon/father_weapon.vmdl_c
nyx_assassin@dusky	models/heroes/nerubian_assassin/nerubian_assassin.vmdl_c	--dirs 8 --frame 160 --world 160 --margin 1.4 --fps 12 --max-frames 12 --pixel --light 1.3 --anims cast=cast@0-0.75,walk=run,idle=idle,attack=attack@0.12-0.7,death=death	models/items/nerubian_assassin/nyx_dusky_back/nyx_dusky_back.vmdl_c,models/items/nerubian_assassin/nyx_dusky_head/nyx_dusky_head.vmdl_c,models/items/nerubian_assassin/nyx_dusky_misc/nyx_dusky_misc.vmdl_c,models/items/nerubian_assassin/nyx_dusky_weapon/nyx_dusky_weapon.vmdl_c
oracle@saint_bodhisattva	models/heroes/oracle/oracle.vmdl_c	--dirs 8 --frame 160 --world 160 --margin 1.4 --fps 12 --max-frames 12 --pixel --anims cast=cast@0-0.75,walk=run,idle=idle,attack=attack@0.12-0.7,death=death	models/items/oracle/saint_bodhisattva_armor/saint_bodhisattva_armor.vmdl_c,models/items/oracle/saint_bodhisattva_back/saint_bodhisattva_back.vmdl_c,models/items/oracle/saint_bodhisattva_head/saint_bodhisattva_head.vmdl_c,models/items/oracle/saint_bodhisattva_weapon/saint_bodhisattva_weapon.vmdl_c
outworld_destroyer@lucent_gate	models/heroes/obsidian_destroyer/obsidian_destroyer.vmdl_c	--dirs 8 --frame 160 --world 160 --margin 1.4 --fps 12 --max-frames 12 --pixel --light 1.3 --anims cast=cast@0-0.75,walk=run,idle=idle,attack=attack@0.12-0.7,death=death	models/items/obsidian_destroyer/lucent_gate_armor/lucent_gate_armor.vmdl_c,models/items/obsidian_destroyer/lucent_gate_head/lucent_gate_head.vmdl_c,models/items/obsidian_destroyer/lucent_gate_weapon/lucent_gate_weapon.vmdl_c,models/items/obsidian_destroyer/lucent_gate_wings/lucent_gate_wings.vmdl_c
pangolier@lord_fox	models/heroes/pangolier/pangolier.vmdl_c	--dirs 8 --frame 160 --world 160 --margin 1.4 --fps 12 --max-frames 12 --pixel --anims cast=cast@0-0.75,walk=run,idle=idle,attack=attack@0.12-0.7,death=death	models/items/pangolier/lord_fox_armor/lord_fox_armor.vmdl_c,models/items/pangolier/lord_fox_head/lord_fox_head.vmdl_c,models/items/pangolier/lord_fox_off_hand/lord_fox_off_hand.vmdl_c,models/items/pangolier/lord_fox_weapon/lord_fox_weapon.vmdl_c
phoenix@dark_owl	models/heroes/phoenix/phoenix_bird.vmdl_c	--dirs 8 --frame 160 --world 160 --margin 1.4 --fps 12 --max-frames 12 --pixel --light 1.3 --anims cast=cast@0-0.75,walk=run,idle=idle,attack=attack@0.12-0.7,death=death	models/items/phoenix/dark_owl_back/dark_owl_back.vmdl_c,models/items/phoenix/dark_owl_back/dark_owl_back_fx.vmdl_c,models/items/phoenix/dark_owl_head/dark_owl_head.vmdl_c,models/items/phoenix/dark_owl_wings/dark_owl_wings.vmdl_c,models/items/phoenix/dark_owl_wings/dark_owl_wings_fx.vmdl_c,models/heroes/phoenix/phoenix.vmdl_c,models/heroes/phoenix/phoenix_bird_head.vmdl_c
sand_king@red_sand	models/heroes/sand_king/sand_king.vmdl_c	--dirs 8 --frame 160 --world 160 --margin 1.4 --fps 12 --max-frames 12 --pixel --anims cast=cast@0-0.75,walk=run,idle=idle,attack=attack@0.12-0.7,death=death	models/items/sand_king/red_sand_arms/red_sand_arms.vmdl_c,models/items/sand_king/red_sand_head/red_sand_head.vmdl_c,models/items/sand_king/red_sand_legs/red_sand_legs.vmdl_c,models/items/sand_king/red_sand_shoulder/red_sand_shoulder.vmdl_c,models/items/sand_king/red_sand_tail/red_sand_tail.vmdl_c
shadow_demon@malicioussting	models/heroes/shadow_demon/shadow_demon.vmdl_c	--dirs 8 --frame 160 --world 160 --margin 1.4 --fps 12 --max-frames 12 --pixel --light 1.3 --anims cast=cast@0-0.75,walk=run,idle=idle,attack=attack@0.12-0.7,death=death	models/items/shadow_demon/malicioussting_armor/malicioussting_armor.vmdl_c,models/items/shadow_demon/malicioussting_back/malicioussting_back.vmdl_c,models/items/shadow_demon/malicioussting_belt/malicioussting_belt.vmdl_c,models/items/shadow_demon/malicioussting_tail/malicioussting_tail.vmdl_c
slark@shivshell	models/heroes/slark/slark.vmdl_c	--dirs 8 --frame 160 --world 160 --margin 1.4 --fps 12 --max-frames 12 --pixel --light 1.3 --anims cast=cast@0-0.75,walk=run,idle=idle,attack=attack@0.12-0.7,death=death	models/items/slark/shivshell_arms/shivshell_arms.vmdl_c,models/items/slark/shivshell_back/shivshell_back.vmdl_c,models/items/slark/shivshell_head/shivshell_head.vmdl_c,models/items/slark/shivshell_shoulder/shivshell_shoulder.vmdl_c,models/items/slark/shivshell_weapon/shivshell_weapon.vmdl_c
spirit_breaker@raging_loco	models/heroes/spirit_breaker/spirit_breaker.vmdl_c	--dirs 8 --frame 160 --world 160 --margin 1.4 --fps 12 --max-frames 12 --pixel --light 1.3 --anims cast=cast@0-0.75,walk=run,idle=idle,attack=attack@0.12-0.7,death=death	models/items/spirit_breaker/raging_loco_arms/raging_loco_arms.vmdl_c,models/items/spirit_breaker/raging_loco_belt/raging_loco_belt.vmdl_c,models/items/spirit_breaker/raging_loco_head/raging_loco_head.vmdl_c,models/items/spirit_breaker/raging_loco_shoulder/raging_loco_shoulder.vmdl_c,models/items/spirit_breaker/raging_loco_tail/raging_loco_tail.vmdl_c,models/items/spirit_breaker/raging_loco_weapon/raging_loco_weapon.vmdl_c
techies@mad_tex	models/heroes/techies/techies.vmdl_c	--dirs 8 --frame 160 --world 160 --margin 1.4 --fps 12 --max-frames 12 --pixel --anims cast=cast@0-0.75,walk=run,idle=idle,attack=attack@0.12-0.7,death=death	models/heroes/techies/techies_spleen_costume.vmdl_c,models/heroes/techies/techies_spleen_weapon.vmdl_c,models/heroes/techies/techies_squee_costume.vmdl_c,models/items/techies/techies_mad_tex_arms/techies_mad_tex_arms.vmdl_c,models/items/techies/techies_mad_tex_back/techies_mad_tex_back.vmdl_c,models/items/techies/techies_mad_tex_belt/techies_mad_tex_belt.vmdl_c,models/items/techies/techies_mad_tex_head/techies_mad_tex_head.vmdl_c,models/items/techies/techies_mad_tex_mount/techies_mad_tex_mount.vmdl_c,models/items/techies/techies_mad_tex_shoulder/techies_mad_tex_shoulder.vmdl_c,models/items/techies/techies_mad_tex_weapon/techies_mad_tex_weapon.vmdl_c
timbersaw@noise_maker	models/heroes/shredder/shredder.vmdl_c	--dirs 8 --frame 160 --world 160 --margin 1.4 --fps 12 --max-frames 12 --pixel --anims cast=cast@0-0.75,walk=run,idle=idle,attack=attack@0.12-0.7,death=death	models/items/shredder/noise_maker_armor/noise_maker_armor.vmdl_c,models/items/shredder/noise_maker_back/noise_maker_back.vmdl_c,models/items/shredder/noise_maker_head/noise_maker_head.vmdl_c,models/items/shredder/noise_maker_off_hand/noise_maker_off_hand.vmdl_c,models/items/shredder/noise_maker_shoulder/noise_maker_shoulder.vmdl_c,models/items/shredder/noise_maker_weapon/noise_maker_weapon.vmdl_c
troll_warlord@lord_of_war	models/heroes/troll_warlord/troll_warlord.vmdl_c	--dirs 8 --frame 160 --world 160 --margin 1.4 --fps 12 --max-frames 12 --pixel --anims cast=cast@0-0.75,walk=run,idle=idle,attack=attack@0.12-0.7,death=death	models/items/troll_warlord/lord_of_war_armor/lord_of_war_armor.vmdl_c,models/items/troll_warlord/lord_of_war_head/lord_of_war_head.vmdl_c,models/items/troll_warlord/lord_of_war_shoulder/lord_of_war_shoulder.vmdl_c,models/items/troll_warlord/lord_of_war_weapon/lord_of_war_weapon.vmdl_c
tusk@icelord	models/heroes/tuskarr/tuskarr.vmdl_c	--dirs 8 --frame 160 --world 160 --margin 1.4 --fps 12 --max-frames 12 --pixel --anims cast=cast@0-0.75,walk=run,idle=idle,attack=attack@0.12-0.7,death=death	models/items/tuskarr/icelord_arms/icelord_arms.vmdl_c,models/items/tuskarr/icelord_back/icelord_back.vmdl_c,models/items/tuskarr/icelord_head/icelord_head.vmdl_c,models/items/tuskarr/icelord_neck/icelord_neck.vmdl_c,models/items/tuskarr/icelord_shoulder/icelord_shoulder.vmdl_c,models/items/tuskarr/icelord_weapon/icelord_weapon.vmdl_c
void_spirit@taiji_koi	models/heroes/void_spirit/void_spirit.vmdl_c	--dirs 8 --frame 160 --world 160 --margin 1.4 --fps 12 --max-frames 12 --pixel --anims cast=cast@0-0.75,walk=run,idle=idle,attack=attack@0.12-0.7,death=death	models/items/void_spirit/void_spirit_taiji_koi_armor/void_spirit_taiji_koi_armor.vmdl_c,models/items/void_spirit/void_spirit_taiji_koi_belt/void_spirit_taiji_koi_belt.vmdl_c,models/items/void_spirit/void_spirit_taiji_koi_head/void_spirit_taiji_koi_head.vmdl_c,models/items/void_spirit/void_spirit_taiji_koi_weapon/void_spirit_taiji_koi_weapon.vmdl_c
weaver@vespoid_stalker	models/heroes/weaver/weaver.vmdl_c	--dirs 8 --frame 160 --world 160 --margin 1.4 --fps 12 --max-frames 12 --pixel --anims cast=cast@0-0.75,walk=run,idle=idle,attack=attack@0.12-0.7,death=death	models/items/weaver/vespoid_stalker_arms/vespoid_stalker_arms.vmdl_c,models/items/weaver/vespoid_stalker_back/vespoid_stalker_back.vmdl_c,models/items/weaver/vespoid_stalker_head/vespoid_stalker_head.vmdl_c,models/items/weaver/vespoid_stalker_legs/vespoid_stalker_legs.vmdl_c,models/items/weaver/vespoid_stalker_misc/vespoid_stalker_misc.vmdl_c
arc_warden@galactic_sentinel	models/heroes/arc_warden/arc_warden.vmdl_c	--dirs 8 --frame 160 --world 160 --margin 1.4 --fps 12 --max-frames 12 --pixel --anims cast=cast@0-0.75,walk=run,idle=idle,attack=attack@0.12-0.7,death=death	models/items/arc_warden/galactic_sentinel_arms/galactic_sentinel_arms.vmdl_c,models/items/arc_warden/galactic_sentinel_back/galactic_sentinel_back.vmdl_c,models/items/arc_warden/galactic_sentinel_head/galactic_sentinel_head.vmdl_c,models/items/arc_warden/galactic_sentinel_shoulder/galactic_sentinel_shoulder.vmdl_c
dawnbreaker@first_light	models/heroes/dawnbreaker/dawnbreaker.vmdl_c	--dirs 8 --frame 160 --world 160 --margin 1.4 --fps 12 --max-frames 12 --pixel --anims cast=cast@0-0.75,walk=run,idle=idle,attack=attack@0.12-0.7,death=death	models/items/dawnbreaker/first_light_armor/first_light_armor.vmdl_c,models/items/dawnbreaker/first_light_arms/first_light_arms.vmdl_c,models/items/dawnbreaker/first_light_head/first_light_head.vmdl_c,models/items/dawnbreaker/first_light_weapon/first_light_weapon.vmdl_c
hoodwink@captain_squyarrrl	models/heroes/hoodwink/hoodwink.vmdl_c	--dirs 8 --frame 160 --world 160 --margin 1.4 --fps 12 --max-frames 12 --pixel --anims cast=cast@0-0.75,walk=run,idle=idle,attack=attack@0.12-0.7,death=death	models/items/hoodwink/captain_squyarrrl_armor/captain_squyarrrl_armor.vmdl_c,models/items/hoodwink/captain_squyarrrl_back/captain_squyarrrl_back.vmdl_c,models/items/hoodwink/captain_squyarrrl_tail/captain_squyarrrl_tail.vmdl_c,models/items/hoodwink/captain_squyarrrl_weapon/captain_squyarrrl_bomb.vmdl_c,models/items/hoodwink/captain_squyarrrl_weapon/captain_squyarrrl_weapon.vmdl_c
marci@lotus_keeper	models/heroes/marci/marci_base.vmdl_c	--dirs 8 --frame 160 --world 160 --margin 1.4 --fps 12 --max-frames 12 --pixel --anims cast=cast@0-0.75,walk=run,idle=idle,attack=attack@0.12-0.7,death=death	models/items/marci/marci_lotus_keeper_armor/marci_lotus_keeper_armor.vmdl_c,models/items/marci/marci_lotus_keeper_back/marci_lotus_keeper_back.vmdl_c,models/items/marci/marci_lotus_keeper_head/marci_lotus_keeper_head.vmdl_c,models/items/marci/marci_lotus_keeper_shoulder/marci_lotus_keeper_shoulder.vmdl_c
muerta@deathcaster	models/heroes/muerta/muerta_base.vmdl_c	--dirs 8 --frame 160 --world 160 --margin 1.4 --fps 12 --max-frames 12 --pixel --anims cast=cast@0-0.75,walk=run,idle=idle,attack=attack@0.12-0.7,death=death	models/items/muerta/deathcaster_armor/deathcaster_armor.vmdl_c,models/items/muerta/deathcaster_head/deathcaster_head.vmdl_c,models/items/muerta/deathcaster_weapon/deathcaster_weapon.vmdl_c
primal_beast@primeval	models/heroes/primal_beast/primal_beast_base.vmdl_c	--dirs 8 --frame 160 --world 160 --margin 1.4 --fps 12 --max-frames 12 --pixel --anims cast=cast@0-0.75,walk=run,idle=idle,attack=attack@0.12-0.7,death=death	models/items/primal_beast/primeval_arms/primeval_arms.vmdl_c,models/items/primal_beast/primeval_back/primeval_back.vmdl_c,models/items/primal_beast/primeval_head/primeval_head.vmdl_c,models/items/primal_beast/primeval_legs/primeval_legs.vmdl_c
ringmaster@fear_harvester	models/heroes/ringmaster/ringmaster_base.vmdl_c	--dirs 8 --frame 160 --world 160 --margin 1.4 --fps 12 --max-frames 12 --pixel --anims cast=cast@0-0.75,walk=run,idle=idle,attack=attack@0.12-0.7,death=death	models/items/ringmaster/fear_harvester_armor/fear_harvester_armor.vmdl_c,models/items/ringmaster/fear_harvester_belt/fear_harvester_belt.vmdl_c,models/items/ringmaster/fear_harvester_head/fear_harvester_head.vmdl_c,models/items/ringmaster/fear_harvester_weapon/fear_harvester_weapon.vmdl_c
meepo@sir_meepalot	models/heroes/meepo/meepo.vmdl_c	--dirs 8 --frame 160 --world 160 --margin 1.4 --fps 12 --max-frames 12 --pixel --anims cast=earthbind|cast@0-0.75,walk=run,idle=idle,attack=attack@0.12-0.7,death=death	models/items/meepo/sir_meepalot_arms/sir_meepalot_arms.vmdl_c,models/items/meepo/sir_meepalot_back/sir_meepalot_back.vmdl_c,models/items/meepo/sir_meepalot_head/sir_meepalot_head.vmdl_c,models/items/meepo/sir_meepalot_shoulder/sir_meepalot_shoulder.vmdl_c,models/items/meepo/sir_meepalot_tail/sir_meepalot_tail.vmdl_c,models/items/meepo/sir_meepalot_weapon/sir_meepalot_weapon.vmdl_c
viper@king_viper	models/heroes/viper/viper.vmdl_c	--dirs 8 --frame 160 --world 160 --margin 1.4 --fps 12 --max-frames 12 --pixel --anims cast=cast@0-0.75,walk=run,idle=idle,attack=attack@0.12-0.7,death=death	models/items/viper/king_viper_back/king_viper_back.vmdl_c,models/items/viper/king_viper_head/king_viper_head.vmdl_c,models/items/viper/king_viper_tail/viper_king_viper_tail.vmdl_c
enigma@life_cycle	models/heroes/enigma/enigma.vmdl_c	--dirs 8 --frame 160 --world 160 --margin 1.4 --fps 12 --max-frames 12 --pixel --light 1.4 --anims cast=cast@0-0.75,walk=run,idle=idle,attack=attack@0.12-0.7,death=death	models/items/enigma/life_cycle_armor/life_cycle_armor.vmdl_c,models/items/enigma/life_cycle_arms/life_cycle_arms.vmdl_c,models/items/enigma/life_cycle_head/life_cycle_head.vmdl_c
batrider@fiery_heart	models/heroes/batrider/batrider.vmdl_c	--dirs 8 --frame 160 --world 160 --margin 1.4 --fps 12 --max-frames 12 --pixel --anims cast=cast@0-0.75,walk=run,idle=idle,attack=attack@0.12-0.7,death=death	models/items/batrider/fiery_heart_belt/fiery_heart_belt.vmdl_c,models/items/batrider/fiery_heart_head/fiery_heart_head.vmdl_c,models/items/batrider/fiery_heart_mount/fiery_heart_mount.vmdl_c,models/items/batrider/fiery_heart_shoulder/fiery_heart_shoulder.vmdl_c
gyrocopter@dwarven_gyrocopter	models/heroes/gyro/gyro.vmdl_c	--dirs 8 --frame 160 --world 160 --margin 1.4 --fps 12 --max-frames 12 --pixel --anims cast=cast@0-0.75,walk=run,idle=idle,attack=attack@0.12-0.7,death=death	models/items/gyrocopter/dwarven_gyrocopter_back/dwarven_gyrocopter_back.vmdl_c,models/items/gyrocopter/dwarven_gyrocopter_head/dwarven_gyrocopter_head.vmdl_c,models/items/gyrocopter/dwarven_gyrocopter_misc/dwarven_gyrocopter_misc.vmdl_c,models/items/gyrocopter/dwarven_gyrocopter_off_hand/dwarven_gyrocopter_off_hand.vmdl_c,models/items/gyrocopter/dwarven_gyrocopter_weapon/dwarven_gyrocopter_weapon.vmdl_c
puck@hippocampus	models/heroes/puck/puck.vmdl_c	--dirs 8 --frame 160 --world 160 --margin 1.4 --fps 12 --max-frames 12 --pixel --anims cast=cast@0-0.75,walk=run,idle=idle,attack=attack@0.12-0.7,death=death	models/items/puck/hippocampus_back/hippocampus_back.vmdl_c,models/items/puck/hippocampus_head/hippocampus_head.vmdl_c,models/items/puck/hippocampus_tail/hippocampus_tail.vmdl_c
snapfire@snailfire	models/heroes/snapfire/snapfire.vmdl_c	--dirs 8 --frame 160 --world 160 --margin 1.4 --fps 12 --max-frames 12 --pixel --anims cast=cast@0-0.75,walk=run,idle=idle,attack=attack@0.12-0.7,death=death	models/items/snapfire/snapfire_snailfire_head/snapfire_snailfire_head.vmdl_c,models/items/snapfire/snapfire_snailfire_mount/snapfire_snailfire_mount.vmdl_c,models/items/snapfire/snapfire_snailfire_weapon/snapfire_snailfire_weapon.vmdl_c
treant@fungal	models/heroes/treant_protector/treant_protector.vmdl_c	--dirs 8 --frame 160 --world 160 --margin 1.4 --fps 12 --max-frames 12 --pixel --anims cast=cast@0-0.75,walk=run,idle=idle,attack=attack@0.12-0.7,death=death	models/items/treant/fungal_arms/fungal_arms.vmdl_c,models/items/treant/fungal_head/fungal_head.vmdl_c,models/items/treant/fungal_legs/fungal_legs.vmdl_c,models/items/treant/fungal_shoulder/fungal_shoulder.vmdl_c
underlord@abyss_tyrant	models/heroes/abyssal_underlord/abyssal_underlord_v2.vmdl_c	--dirs 8 --frame 160 --world 160 --margin 1.4 --fps 12 --max-frames 12 --pixel --light 1.3 --anims cast=cast@0-0.75,walk=run,idle=idle,attack=attack@0.12-0.7,death=death	models/items/underlord/abyss_tyrant_armor/abyss_tyrant_armor.vmdl_c,models/items/underlord/abyss_tyrant_head/abyss_tyrant_head.vmdl_c,models/items/underlord/abyss_tyrant_weapon/abyss_tyrant_weapon.vmdl_c
undying@love	models/heroes/undying/undying.vmdl_c	--dirs 8 --frame 160 --world 160 --margin 1.4 --fps 12 --max-frames 12 --pixel --anims cast=cast@0-0.75,walk=run,idle=idle,attack=attack@0.12-0.7,death=death	models/items/undying/undying_love_armor/undying_love_armor.vmdl_c,models/items/undying/undying_love_arms/undying_love_arms.vmdl_c,models/items/undying/undying_love_head/undying_love_head.vmdl_c
# Волна 15 (последние семь героев из датасета)
phantom_lancer	models/heroes/phantom_lancer/phantom_lancer.vmdl_c	--dirs 8 --frame 160 --world 160 --margin 1.4 --fps 12 --max-frames 12 --pixel --anims cast=cast@0-0.75,walk=run,idle=idle,attack=attack@0.12-0.7,death=death	models/heroes/phantom_lancer/phantom_lancer_belt.vmdl_c,models/heroes/phantom_lancer/phantom_lancer_gauntlet.vmdl_c,models/heroes/phantom_lancer/phantom_lancer_head.vmdl_c,models/heroes/phantom_lancer/phantom_lancer_shoulderpad.vmdl_c,models/heroes/phantom_lancer/phantom_lancer_weapon.vmdl_c
lifestealer	models/heroes/life_stealer/life_stealer.vmdl_c	--dirs 8 --frame 160 --world 160 --margin 1.4 --fps 12 --max-frames 12 --pixel --anims cast=cast@0-0.75,walk=run,idle=idle,attack=attack@0.12-0.7,death=death	models/heroes/life_stealer/life_stealer_chains.vmdl_c,models/heroes/life_stealer/life_stealer_loincloth.vmdl_c
enchantress	models/heroes/enchantress/enchantress.vmdl_c	--dirs 8 --frame 160 --world 160 --margin 1.4 --fps 12 --max-frames 12 --pixel --anims cast=cast@0-0.75,walk=run,idle=idle,attack=attack@0.12-0.7,death=death	models/heroes/enchantress/enchantress_bracers.vmdl_c,models/heroes/enchantress/enchantress_dress.vmdl_c,models/heroes/enchantress/enchantress_flower.vmdl_c,models/heroes/enchantress/enchantress_hair.vmdl_c,models/heroes/enchantress/enchantress_necklace.vmdl_c,models/heroes/enchantress/enchantress_weapon.vmdl_c
chen	models/heroes/chen/chen.vmdl_c	--dirs 8 --frame 160 --world 160 --margin 1.4 --fps 12 --max-frames 12 --pixel --anims cast=cast@0-0.75,walk=run,idle=idle,attack=attack@0.12-0.7,death=death	models/heroes/chen/bracers.vmdl_c,models/heroes/chen/helmet.vmdl_c,models/heroes/chen/mount.vmdl_c,models/heroes/chen/mount_armor.vmdl_c,models/heroes/chen/shoulders.vmdl_c,models/heroes/chen/weapon.vmdl_c
ancient_apparition	models/heroes/ancient_apparition/ancient_apparition.vmdl_c	--dirs 8 --frame 160 --world 160 --margin 1.4 --fps 12 --max-frames 12 --pixel --anims cast=cast@0-0.75,walk=run,idle=idle,attack=attack@0.12-0.7,death=death	models/heroes/ancient_apparition/ancient_apparition_shoulder.vmdl_c,models/heroes/ancient_apparition/ancient_apparition_tail.vmdl_c
monkey_king	models/heroes/monkey_king/monkey_king.vmdl_c	--dirs 8 --frame 160 --world 160 --margin 1.4 --fps 12 --max-frames 12 --pixel --anims cast=cast@0-0.75,walk=run,idle=mk_idle_head_turn|idle,attack=attack@0.12-0.7,death=death	models/heroes/monkey_king/monkey_king_armor.vmdl_c,models/heroes/monkey_king/monkey_king_base_weapon.vmdl_c,models/heroes/monkey_king/monkey_king_cape.vmdl_c,models/heroes/monkey_king/monkey_king_hair.vmdl_c,models/heroes/monkey_king/monkey_king_shoulders.vmdl_c
dark_willow	models/heroes/dark_willow/dark_willow.vmdl_c	--dirs 8 --frame 160 --world 160 --margin 1.4 --fps 12 --max-frames 12 --pixel --anims cast=cast@0-0.75,walk=run,idle=idle,attack=attack@0.12-0.7,death=death	models/heroes/dark_willow/dark_willow_armor.vmdl_c,models/heroes/dark_willow/dark_willow_head.vmdl_c,models/heroes/dark_willow/dark_willow_offhand.vmdl_c,models/heroes/dark_willow/dark_willow_thorn.vmdl_c,models/heroes/dark_willow/dark_willow_wings.vmdl_c
io@calavera	models/items/io/io_calavera/io_calavera.vmdl_c	--dirs 8 --frame 128 --world 64 --fps 12 --max-frames 12 --pixel --light 1.5 --anims cast=cast@0-0.75,walk=run,idle=idle,attack=attack@0.12-0.7,death=death
phantom_lancer@rakshasa	models/heroes/phantom_lancer/phantom_lancer.vmdl_c	--dirs 8 --frame 160 --world 160 --margin 1.4 --fps 12 --max-frames 12 --pixel --anims cast=cast@0-0.75,walk=run,idle=idle,attack=attack@0.12-0.7,death=death	models/items/phantom_lancer/rakshasa_arms/rakshasa_arms.vmdl_c,models/items/phantom_lancer/rakshasa_belt/rakshasa_belt.vmdl_c,models/items/phantom_lancer/rakshasa_head/rakshasa_head.vmdl_c,models/items/phantom_lancer/rakshasa_shoulder/rakshasa_shoulder.vmdl_c,models/items/phantom_lancer/rakshasa_weapon/rakshasa_weapon.vmdl_c
enchantress@the_sheep	models/heroes/enchantress/enchantress.vmdl_c	--dirs 8 --frame 160 --world 160 --margin 1.4 --fps 12 --max-frames 12 --pixel --anims cast=cast@0-0.75,walk=run,idle=idle,attack=attack@0.12-0.7,death=death	models/items/enchantress/the_sheep_arms/the_sheep_arms.vmdl_c,models/items/enchantress/the_sheep_belt/the_sheep_belt.vmdl_c,models/items/enchantress/the_sheep_head/the_sheep_butterfly.vmdl_c,models/items/enchantress/the_sheep_head/the_sheep_head.vmdl_c,models/items/enchantress/the_sheep_neck/the_sheep_neck.vmdl_c,models/items/enchantress/the_sheep_weapon/the_sheep_weapon.vmdl_c
chen@eye_of_power	models/heroes/chen/chen.vmdl_c	--dirs 8 --frame 160 --world 160 --margin 1.4 --fps 12 --max-frames 12 --pixel --anims cast=cast@0-0.75,walk=run,idle=idle,attack=attack@0.12-0.7,death=death	models/items/chen/chen_eye_of_power_armor/chen_eye_of_power_armor.vmdl_c,models/items/chen/chen_eye_of_power_arms/chen_eye_of_power_arms.vmdl_c,models/items/chen/chen_eye_of_power_head/chen_eye_of_power_head.vmdl_c,models/items/chen/chen_eye_of_power_misc/chen_eye_of_power_misc.vmdl_c,models/items/chen/chen_eye_of_power_mount/chen_eye_of_power_mount.vmdl_c,models/items/chen/chen_eye_of_power_shoulder/chen_eye_of_power_shoulder.vmdl_c,models/items/chen/chen_eye_of_power_weapon/chen_eye_of_power_weapon.vmdl_c
ancient_apparition@frost_djin	models/heroes/ancient_apparition/ancient_apparition.vmdl_c	--dirs 8 --frame 128 --world 174 --fps 12 --max-frames 12 --pixel --anims cast=cast@0-0.75,walk=run,idle=ancient_idle|idle,attack=ancient_attack1@0.12-0.7,death=death	models/items/ancient_apparition/frost_djin_arms/frost_djin_arms.vmdl_c,models/items/ancient_apparition/frost_djin_head/frost_djin_head.vmdl_c,models/items/ancient_apparition/frost_djin_shoulder/frost_djin_shoulder.vmdl_c,models/items/ancient_apparition/frost_djin_tail/frost_djin_tail.vmdl_c
monkey_king@fiery_vajrapani	models/heroes/monkey_king/monkey_king.vmdl_c	--dirs 8 --frame 160 --world 160 --margin 1.4 --fps 12 --max-frames 12 --pixel --anims cast=cast@0-0.75,walk=run,idle=mk_idle_head_turn|idle,attack=attack@0.12-0.7,death=death	models/items/monkey_king/mk_fiery_vajrapani_armor/mk_fiery_vajrapani_armor.vmdl_c,models/items/monkey_king/mk_fiery_vajrapani_head/mk_fiery_vajrapani_head.vmdl_c,models/items/monkey_king/mk_fiery_vajrapani_shoulder/mk_fiery_vajrapani_shoulder.vmdl_c,models/items/monkey_king/mk_fiery_vajrapani_weapon/mk_fiery_vajrapani_weapon.vmdl_c
dark_willow@deathcap_fairy	models/heroes/dark_willow/dark_willow.vmdl_c	--dirs 8 --frame 160 --world 160 --margin 1.4 --fps 12 --max-frames 12 --pixel --anims cast=cast@0-0.75,walk=run,idle=idle,attack=attack@0.12-0.7,death=death	models/items/dark_willow/deathcap_fairy_armor/deathcap_fairy_armor.vmdl_c,models/items/dark_willow/deathcap_fairy_back/deathcap_fairy_back.vmdl_c,models/items/dark_willow/deathcap_fairy_belt/deathcap_fairy_belt.vmdl_c,models/items/dark_willow/deathcap_fairy_head/deathcap_fairy_head.vmdl_c,models/items/dark_willow/deathcap_fairy_off_hand/deathcap_fairy_off_hand.vmdl_c
ward_healing	models/heroes/juggernaut/jugg_healing_ward.vmdl_c	--dirs 4 --frame 128 --world 96 --fps 12 --max-frames 12 --pixel --anims idle=idle
ward_nether	models/heroes/pugna/pugna_ward.vmdl_c	--dirs 4 --frame 128 --world 110 --fps 10 --max-frames 10 --pixel --light 1.3 --anims idle=idle,attack=attack|idle
ward_plague	models/heroes/venomancer/venomancer_ward.vmdl_c	--dirs 4 --frame 128 --world 110 --fps 10 --max-frames 10 --pixel --light 1.3 --anims idle=idle,attack=attack|idle
ward_death	models/heroes/witchdoctor/witchdoctor_ward.vmdl_c	--dirs 4 --frame 128 --world 110 --fps 10 --max-frames 10 --pixel --light 1.3 --anims idle=idle
ward_serpent	models/heroes/shadowshaman/shadowshaman_totem.vmdl_c	--dirs 4 --frame 128 --world 110 --fps 10 --max-frames 10 --pixel --light 1.3 --anims idle=idle,attack=attack|idle
trap_psionic	models/heroes/lanaya/lanaya_trap_crystal.vmdl_c	--dirs 4 --frame 128 --world 96 --fps 10 --max-frames 8 --pixel --light 1.4 --anims idle=idle
mine_techies	models/heroes/techies/fx_techiesfx_mine.vmdl_c	--dirs 4 --frame 128 --world 96 --fps 10 --max-frames 8 --pixel --light 1.4 --anims idle=idle
tombstone	models/props_gameplay/tombstonea01.vmdl_c	--dirs 4 --frame 128 --world 110 --fps 10 --max-frames 8 --pixel --light 1.3 --anims idle=idle
spiderling	models/heroes/broodmother/spiderling.vmdl_c	--dirs 4 --frame 96 --fps 10 --max-frames 8 --world 96 --pixel --light 1.3 --anims walk=run,idle=idle,attack=attack@0.1-0.75,death=death
beetle	models/heroes/weaver/weaver_beetle.vmdl_c	--dirs 4 --frame 96 --fps 10 --max-frames 8 --world 96 --pixel --light 1.3 --anims idle=idle
warlock_golem	models/heroes/warlock/warlock_demon.vmdl_c	--dirs 4 --frame 128 --fps 10 --max-frames 10 --world 128 --pixel --light 1.3 --anims walk=run,idle=idle,attack=attack@0.1-0.75,death=death
# Руны у реки (T13.32): статичные модели Dota, один кадр.
rune_dd	models/props_gameplay/rune_doubledamage01.vmdl_c	--dirs 1 --frame 64 --world 64 --max-frames 1 --pixel --light 1.4 --anims idle=idle
rune_shield	models/props_gameplay/rune_shield01.vmdl_c	--dirs 1 --frame 64 --world 64 --max-frames 1 --pixel --light 1.4 --anims idle=idle
rune_arcane	models/props_gameplay/rune_arcane.vmdl_c	--dirs 1 --frame 64 --world 64 --max-frames 1 --pixel --light 1.4 --anims idle=idle
rune_illusion	models/props_gameplay/rune_illusion01.vmdl_c	--dirs 1 --frame 64 --world 64 --max-frames 1 --pixel --light 1.4 --anims idle=idle
lina@arcana	models/heroes/lina/lina.vmdl_c	--dirs 8 --frame 160 --world 160 --margin 1.4 --fps 12 --max-frames 12 --pixel --anims cast=cast@0-0.75,walk=run,idle=idle,attack=attack@0.12-0.7,death=death	models/items/lina/hairoftheslayerr/hairoftheslayerr.vmdl_c,models/items/lina/pauldrons_of_the_slayer/pauldrons_of_the_slayer.vmdl_c,models/items/lina/skirtoftheslayerz10/skirtoftheslayerz10.vmdl_c,models/items/lina/vambracesoftheslayerz1/vambracesoftheslayerz1.vmdl_c
legion_commander@arcana	models/heroes/legion_commander/legion_commander.vmdl_c	--dirs 8 --frame 160 --world 160 --margin 1.4 --fps 12 --max-frames 12 --pixel --anims cast=dualwield_legion_commander_overodds@0-0.75,walk=dualwield_legion_commander_run,idle=dualwield_legion_commander_idle,attack=dualwield_legion_commander_attack@0.12-0.7,death=dualwield_legion_commander_die	models/heroes/legion_commander/legion_commander_arms.vmdl_c,models/heroes/legion_commander/legion_commander_back.vmdl_c,models/heroes/legion_commander/legion_commander_head.vmdl_c,models/heroes/legion_commander/legion_commander_shoulders.vmdl_c,models/items/legion_commander/demon_sword.vmdl_c
techies@arcana	models/heroes/techies/techies.vmdl_c	--dirs 8 --frame 160 --world 160 --margin 1.4 --fps 12 --max-frames 12 --pixel --anims cast=cast@0-0.75,walk=run,idle=idle,attack=attack@0.12-0.7,death=death	models/items/techies/bigshot/bigshot.vmdl_c,models/items/techies/bigshot/bigshot_barrel.vmdl_c,models/items/techies/bigshot/bigshot_spleen_costume.vmdl_c,models/items/techies/bigshot/bigshot_squee_costume.vmdl_c,models/items/techies/bigshot/fuse.vmdl_c
io@arcana	models/items/io/io_ti7/io_ti7.vmdl_c	--dirs 8 --frame 128 --world 64 --fps 12 --max-frames 12 --pixel --light 2.0 --autoexpose 0.45 --expose-target 0.62 --anims cast=cast@0-0.75,walk=run,idle=idle,attack=attack@0.12-0.7,death=death
terrorblade@arcana@meta	models/heroes/terrorblade/demon.vmdl_c	--dirs 8 --frame 160 --world 160 --margin 1.4 --fps 12 --max-frames 12 --pixel --light 1.6 --autoexpose 0.3 --expose-target 0.5 --anims cast=cast@0-0.75,walk=run,idle=idle,attack=attack@0.12-0.7,death=death --glow-mask materials/models/heroes/terrorblade --glow-grow 18 --glow-color 1.0,0.25,0.25 --glow-mat demon_color=0.85,0.12,0.12,0.7
razor@arcana~style1	models/items/razor/razor_arcana/razor_arcana.vmdl_c	--dirs 8 --frame 160 --world 160 --margin 1.4 --fps 12 --max-frames 12 --pixel --light 2.0 --autoexpose 0.32 --expose-target 0.5 --anims cast=cast@0-0.75,walk=run,idle=idle,attack=attack@0.12-0.7,death=death --glow-mask materials/models/items/razor/razor_arcana --glow-color 0.45,0.85,1.0 --glow-grow 14 --glow-mat razor_arcana_base=0.45,0.85,1.0,0.5 --style alt	models/items/razor/razor_arcana/razor_arcana_armor.vmdl_c,models/items/razor/razor_arcana/razor_arcana_arms.vmdl_c,models/items/razor/razor_arcana/razor_arcana_belt.vmdl_c,models/items/razor/razor_arcana/razor_arcana_head.vmdl_c,models/items/razor/razor_arcana/razor_arcana_weapon.vmdl_c
monkey_king@arcana	models/heroes/monkey_king/monkey_king.vmdl_c	--dirs 8 --frame 160 --world 160 --margin 1.4 --fps 12 --max-frames 12 --pixel --anims cast=cast@0-0.75,walk=run,idle=mk_idle_head_turn|idle,attack=attack@0.12-0.7,death=death --style arcana	models/heroes/monkey_king/monkey_king_armor.vmdl_c,models/heroes/monkey_king/monkey_king_base_weapon.vmdl_c,models/heroes/monkey_king/monkey_king_cape.vmdl_c,models/heroes/monkey_king/monkey_king_shoulders.vmdl_c,models/items/monkey_king/monkey_king_arcana_head/mesh/monkey_king_arcana.vmdl_c
spectre@arcana~style1	models/items/spectre/spectre_arcana/spectre_arcana_base.vmdl_c	--dirs 8 --frame 160 --world 160 --margin 1.4 --fps 12 --max-frames 12 --pixel --light 1.3 --anims cast=cast@0-0.75,walk=run,idle=idle,attack=attack@0.12-0.7,death=death --style alt --glow-mask materials/models/items/spectre/spectre_arcana/ --glow-color 1,0.08,0.04 --glow-grow 2	models/items/spectre/spectre_arcana/spectre_arcana_head.vmdl_c,models/items/spectre/spectre_arcana/spectre_arcana_shoulder.vmdl_c,models/items/spectre/spectre_arcana/spectre_arcana_skirt.vmdl_c,models/items/spectre/spectre_arcana/spectre_arcana_weapon.vmdl_c
monkey_king@arcana~style1	models/heroes/monkey_king/monkey_king.vmdl_c	--dirs 8 --frame 160 --world 160 --margin 1.4 --fps 12 --max-frames 12 --pixel --anims cast=cast@0-0.75,walk=run,idle=mk_idle_head_turn|idle,attack=attack@0.12-0.7,death=death --style style1 --fix-tex materials/models/heroes/monkey_king/ --mat-map monkey_king=monkey_king_arcana	models/heroes/monkey_king/monkey_king_armor.vmdl_c,models/heroes/monkey_king/monkey_king_base_weapon.vmdl_c,models/heroes/monkey_king/monkey_king_cape.vmdl_c,models/heroes/monkey_king/monkey_king_shoulders.vmdl_c,models/items/monkey_king/monkey_king_arcana_head/mesh/monkey_king_arcana.vmdl_c
monkey_king@arcana~style2	models/heroes/monkey_king/monkey_king.vmdl_c	--dirs 8 --frame 160 --world 160 --margin 1.4 --fps 12 --max-frames 12 --pixel --anims cast=cast@0-0.75,walk=run,idle=mk_idle_head_turn|idle,attack=attack@0.12-0.7,death=death --style style2 --fix-tex materials/models/heroes/monkey_king/ --mat-map monkey_king=monkey_king_arcana	models/heroes/monkey_king/monkey_king_armor.vmdl_c,models/heroes/monkey_king/monkey_king_base_weapon.vmdl_c,models/heroes/monkey_king/monkey_king_cape.vmdl_c,models/heroes/monkey_king/monkey_king_shoulders.vmdl_c,models/items/monkey_king/monkey_king_arcana_head/mesh/monkey_king_arcana.vmdl_c
monkey_king@arcana~style3	models/heroes/monkey_king/monkey_king.vmdl_c	--dirs 8 --frame 160 --world 160 --margin 1.4 --fps 12 --max-frames 12 --pixel --anims cast=cast@0-0.75,walk=run,idle=mk_idle_head_turn|idle,attack=attack@0.12-0.7,death=death --style style3 --fix-tex materials/models/heroes/monkey_king/ --mat-map monkey_king=monkey_king_arcana	models/heroes/monkey_king/monkey_king_armor.vmdl_c,models/heroes/monkey_king/monkey_king_base_weapon.vmdl_c,models/heroes/monkey_king/monkey_king_cape.vmdl_c,models/heroes/monkey_king/monkey_king_shoulders.vmdl_c,models/items/monkey_king/monkey_king_arcana_head/mesh/monkey_king_arcana.vmdl_c
anti_mage@guilt_of_the_survivor	models/heroes/antimage/antimage.vmdl_c	--dirs 8 --frame 160 --world 160 --margin 1.4 --fps 12 --max-frames 12 --pixel --anims cast=cast@0-0.75,walk=run,idle=idle,attack=attack@0.12-0.7,death=death	models/items/antimage/god_eater_arms/god_eater_arms.vmdl_c,models/items/antimage/god_eater_armor/god_eater_armor.vmdl_c,models/items/antimage/god_eater_belt/god_eater_belt.vmdl_c,models/items/antimage/god_eater_head/god_eater_head.vmdl_c,models/items/antimage/god_eater_shoulder/god_eater_shoulder.vmdl_c,models/items/antimage/god_eater_weapon/god_eater_weapon.vmdl_c,models/items/antimage/god_eater_off_hand/god_eater_off_hand.vmdl_c
monkey_king@cult_of_the_demon_trickster	models/heroes/monkey_king/monkey_king.vmdl_c	--dirs 8 --frame 160 --world 160 --margin 1.4 --fps 12 --max-frames 12 --pixel --anims cast=cast@0-0.75,walk=run,idle=mk_idle_head_turn|idle,attack=attack@0.12-0.7,death=death	models/items/monkey_king/mk_ti9_immortal_armor/mk_ti9_immortal_armor.vmdl_c,models/items/monkey_king/mk_ti9_immortal_head/mk_ti9_immortal_head.vmdl_c,models/items/monkey_king/mk_ti9_immortal_shoulder/mk_ti9_immortal_shoulder.vmdl_c,models/items/monkey_king/mk_ti9_immortal_weapon/mk_ti9_immortal_weapon.vmdl_c
monkey_king@cult_of_the_demon_trickster~style1	models/heroes/monkey_king/monkey_king.vmdl_c	--dirs 8 --frame 160 --world 160 --margin 1.4 --fps 12 --max-frames 12 --pixel --anims cast=cast@0-0.75,walk=run,idle=mk_idle_head_turn|idle,attack=attack@0.12-0.7,death=death --style style1	models/items/monkey_king/mk_ti9_immortal_armor/mk_ti9_immortal_armor.vmdl_c,models/items/monkey_king/mk_ti9_immortal_head/mk_ti9_immortal_head.vmdl_c,models/items/monkey_king/mk_ti9_immortal_shoulder/mk_ti9_immortal_shoulder.vmdl_c,models/items/monkey_king/mk_ti9_immortal_weapon/mk_ti9_immortal_weapon.vmdl_c
monkey_king@cult_of_the_demon_trickster~style2	models/heroes/monkey_king/monkey_king.vmdl_c	--dirs 8 --frame 160 --world 160 --margin 1.4 --fps 12 --max-frames 12 --pixel --anims cast=cast@0-0.75,walk=run,idle=mk_idle_head_turn|idle,attack=attack@0.12-0.7,death=death --style style2	models/items/monkey_king/mk_ti9_immortal_armor/mk_ti9_immortal_armor.vmdl_c,models/items/monkey_king/mk_ti9_immortal_head/mk_ti9_immortal_head.vmdl_c,models/items/monkey_king/mk_ti9_immortal_shoulder/mk_ti9_immortal_shoulder.vmdl_c,models/items/monkey_king/mk_ti9_immortal_weapon/mk_ti9_immortal_weapon.vmdl_c
monkey_king@cult_of_the_demon_trickster~style3	models/heroes/monkey_king/monkey_king.vmdl_c	--dirs 8 --frame 160 --world 160 --margin 1.4 --fps 12 --max-frames 12 --pixel --anims cast=cast@0-0.75,walk=run,idle=mk_idle_head_turn|idle,attack=attack@0.12-0.7,death=death --style style3	models/items/monkey_king/mk_ti9_immortal_armor/mk_ti9_immortal_armor.vmdl_c,models/items/monkey_king/mk_ti9_immortal_head/mk_ti9_immortal_head.vmdl_c,models/items/monkey_king/mk_ti9_immortal_shoulder/mk_ti9_immortal_shoulder.vmdl_c,models/items/monkey_king/mk_ti9_immortal_weapon/mk_ti9_immortal_weapon.vmdl_c
sniper@odogaron	models/heroes/sniper/sniper.vmdl_c	--dirs 8 --frame 160 --world 160 --margin 1.4 --fps 12 --max-frames 12 --pixel --anims cast=cast@0-0.75,walk=run,idle=idle,attack=attack@0.12-0.7,death=death	models/items/sniper/mh_sniper_odogaron/mh_sniper_odogaron_bracer.vmdl_c,models/items/sniper/mh_sniper_odogaron/mh_sniper_odogaron_cape.vmdl_c,models/items/sniper/mh_sniper_odogaron/mh_sniper_odogaron_head.vmdl_c,models/items/sniper/mh_sniper_odogaron/mh_sniper_odogaron_shoulder.vmdl_c,models/items/sniper/mh_sniper_odogaron/mh_sniper_odogaron_weapon.vmdl_c
winter_wyvern@wyvern_of_the_sea	models/heroes/winterwyvern/winterwyvern.vmdl_c	--dirs 8 --frame 160 --world 160 --margin 1.4 --fps 12 --max-frames 12 --pixel --anims cast=cast@0-0.75,walk=run,idle=idle,attack=attack@0.12-0.7,death=death	models/items/winter_wyvern/wyvern_of_the_sea_back/wyvern_of_the_sea_back.vmdl_c,models/items/winter_wyvern/wyvern_of_the_sea_head/wyvern_of_the_sea_head.vmdl_c
visage@soul_reaper	models/heroes/visage/visage.vmdl_c	--dirs 8 --frame 160 --world 160 --margin 1.4 --fps 12 --max-frames 12 --pixel --anims cast=cast@0-0.75,walk=run,idle=idle,attack=attack@0.12-0.7,death=death --light 1.3	models/items/visage/soul_reaper_armor/soul_reaper_armor.vmdl_c,models/items/visage/soul_reaper_head/soul_reaper_head.vmdl_c
lifestealer@helmet	models/heroes/life_stealer/life_stealer.vmdl_c	--dirs 8 --frame 160 --world 160 --margin 1.4 --fps 12 --max-frames 12 --pixel --anims cast=cast@0-0.75,walk=run,idle=idle,attack=attack@0.12-0.7,death=death	models/heroes/life_stealer/life_stealer_chains.vmdl_c,models/heroes/life_stealer/life_stealer_loincloth.vmdl_c,models/items/life_stealer/lifestealer_helmet.vmdl_c
lich@blizzard_tyrant	models/heroes/lich/lich.vmdl_c	--dirs 8 --frame 160 --world 160 --margin 1.4 --fps 12 --max-frames 12 --pixel --anims cast=cast@0-0.75,walk=run,idle=idle,attack=attack@0.12-0.7,death=death	models/items/lich/blizzard_tyrant_arms/blizzard_tyrant_arms.vmdl_c,models/items/lich/blizzard_tyrant_back/blizzard_tyrant_back.vmdl_c,models/items/lich/blizzard_tyrant_belt/blizzard_tyrant_belt.vmdl_c,models/items/lich/blizzard_tyrant_head/blizzard_tyrant_head.vmdl_c,models/items/lich/blizzard_tyrant_neck/blizzard_tyrant_neck.vmdl_c
bristleback@warrior_of_arena	models/heroes/bristleback/bristleback.vmdl_c	--dirs 8 --frame 160 --world 160 --margin 1.4 --fps 12 --max-frames 12 --pixel --anims cast=cast@0-0.75,walk=run,idle=idle,attack=attack@0.12-0.7,death=death	models/items/bristleback/bristleback_warrior_of_arena_arms/bristleback_warrior_of_arena_arms.vmdl_c,models/items/bristleback/bristleback_warrior_of_arena_back/bristleback_warrior_of_arena_back.vmdl_c,models/items/bristleback/bristleback_warrior_of_arena_head/bristleback_warrior_of_arena_head.vmdl_c,models/items/bristleback/bristleback_warrior_of_arena_neck/bristleback_warrior_of_arena_neck.vmdl_c,models/items/bristleback/bristleback_warrior_of_arena_weapon/bristleback_warrior_of_arena_weapon.vmdl_c
sven@endless_fury_sven	models/heroes/sven/sven.vmdl_c	--dirs 8 --frame 160 --world 160 --margin 1.4 --fps 12 --max-frames 12 --pixel --anims cast=cast@0-0.75,walk=run,idle=idle,attack=attack@0.12-0.7,death=death	models/items/sven/endless_fury_sven_arms/endless_fury_sven_arms.vmdl_c,models/items/sven/endless_fury_sven_back/endless_fury_sven_back.vmdl_c,models/items/sven/endless_fury_sven_belt/endless_fury_sven_belt.vmdl_c,models/items/sven/endless_fury_sven_head/endless_fury_sven_head.vmdl_c,models/items/sven/endless_fury_sven_shoulder/endless_fury_sven_shoulder.vmdl_c,models/items/sven/endless_fury_sven_weapon/endless_fury_sven_weapon.vmdl_c
leshrac@dark_forest_punisher	models/heroes/leshrac/leshrac.vmdl_c	--dirs 8 --frame 160 --world 160 --margin 1.4 --fps 12 --max-frames 12 --pixel --anims cast=cast@0-0.75,walk=run,idle=idle,attack=attack@0.12-0.7,death=death	models/items/leshrac/dark_forest_punisher_back/dark_forest_punisher_back.vmdl_c,models/items/leshrac/dark_forest_punisher_head/dark_forest_punisher_head.vmdl_c,models/items/leshrac/dark_forest_punisher_misc/dark_forest_punisher_misc.vmdl_c,models/items/leshrac/dark_forest_punisher_tail/dark_forest_punisher_tail.vmdl_c,models/items/leshrac/dark_forest_punisher_weapon/dark_forest_punisher_weapon.vmdl_c
ursa@fierce_heart	models/heroes/ursa/ursa.vmdl_c	--dirs 8 --frame 160 --world 160 --margin 1.4 --fps 12 --max-frames 12 --pixel --anims cast=cast@0-0.75,walk=run,idle=idle,attack=attack@0.12-0.7,death=death	models/items/ursa/fierce_heart_arms/fierce_heart_arms.vmdl_c,models/items/ursa/fierce_heart_back/fierce_heart_back.vmdl_c,models/items/ursa/fierce_heart_belt/fierce_heart_belt.vmdl_c,models/items/ursa/fierce_heart_head/fierce_heart_head.vmdl_c,models/items/ursa/fierce_heart_weapon/fierce_heart_weapon.vmdl_c
lion@dangerous_collector_red	models/heroes/lion/lion.vmdl_c	--dirs 8 --frame 160 --world 160 --margin 1.4 --fps 12 --max-frames 12 --pixel --anims cast=cast@0-0.75,walk=run,idle=idle,attack=attack@0.12-0.7,death=death	models/items/lion/dangerous_collector_red_arms/dangerous_collector_red_arms.vmdl_c,models/items/lion/dangerous_collector_red_back/dangerous_collector_red_back.vmdl_c,models/items/lion/dangerous_collector_red_head/dangerous_collector_red_head.vmdl_c,models/items/lion/dangerous_collector_red_shoulder/dangerous_collector_red_shoulder.vmdl_c,models/items/lion/dangerous_collector_red_weapon/dangerous_collector_red_weapon.vmdl_c
pugna@narcissistic_leech	models/heroes/pugna/pugna.vmdl_c	--dirs 8 --frame 160 --world 160 --margin 1.4 --fps 12 --max-frames 12 --pixel --anims cast=cast@0-0.75,walk=run,idle=idle,attack=attack@0.12-0.7,death=death	models/items/pugna/narcissistic_leech_arms/narcissistic_leech_arms.vmdl_c,models/items/pugna/narcissistic_leech_back/narcissistic_leech_back.vmdl_c,models/items/pugna/narcissistic_leech_belt/narcissistic_leech_belt.vmdl_c,models/items/pugna/narcissistic_leech_head/narcissistic_leech_head.vmdl_c,models/items/pugna/narcissistic_leech_shoulder/narcissistic_leech_shoulder.vmdl_c,models/items/pugna/narcissistic_leech_weapon/narcissistic_leech_weapon.vmdl_c
invoker@covenant_of_the_depths	models/heroes/invoker/invoker.vmdl_c	--dirs 8 --frame 160 --world 160 --margin 1.4 --fps 12 --max-frames 12 --pixel --anims cast=cast@0-0.75,walk=run,idle=idle,attack=attack@0.12-0.7,death=death	models/items/invoker/covenant_of_the_depths_arms/covenant_of_the_depths_arms.vmdl_c,models/items/invoker/covenant_of_the_depths_back/covenant_of_the_depths_back.vmdl_c,models/items/invoker/covenant_of_the_depths_belt/covenant_of_the_depths_belt.vmdl_c,models/items/invoker/covenant_of_the_depths_head/covenant_of_the_depths_head.vmdl_c,models/items/invoker/covenant_of_the_depths_shoulder/covenant_of_the_depths_shoulder.vmdl_c
tidehunter@burning_shark	models/heroes/tidehunter/tidehunter.vmdl_c	--dirs 8 --frame 160 --world 160 --margin 1.4 --fps 12 --max-frames 12 --pixel --anims cast=cast@0-0.75,walk=run,idle=idle,attack=attack@0.12-0.7,death=death	models/items/tidehunter/burning_shark_arms/burning_shark_arms.vmdl_c,models/items/tidehunter/burning_shark_back/burning_shark_back.vmdl_c,models/items/tidehunter/burning_shark_belt/burning_shark_belt.vmdl_c,models/items/tidehunter/burning_shark_head/burning_shark_head.vmdl_c,models/items/tidehunter/burning_shark_offhand/burning_shark_offhand.vmdl_c,models/items/tidehunter/burning_shark_weapon/burning_shark_weapon.vmdl_c
mirana@blue_wintermoon	models/heroes/mirana/mirana.vmdl_c	--dirs 8 --frame 160 --world 160 --margin 1.4 --fps 12 --max-frames 12 --pixel --anims cast=cast@0-0.75,walk=run,idle=idle,attack=attack@0.12-0.7,death=death	models/items/mirana/blue_wintermoon_arms/blue_wintermoon_arms.vmdl_c,models/items/mirana/blue_wintermoon_back/blue_wintermoon_back.vmdl_c,models/items/mirana/blue_wintermoon_head/blue_wintermoon_head.vmdl_c,models/items/mirana/blue_wintermoon_misc/blue_wintermoon_misc.vmdl_c,models/items/mirana/blue_wintermoon_mount/blue_wintermoon_mount.vmdl_c,models/items/mirana/blue_wintermoon_shoulder/blue_wintermoon_shoulder.vmdl_c,models/items/mirana/blue_wintermoon_weapon/blue_wintermoon_weapon.vmdl_c
clinkz@the_faith_of_avengers	models/heroes/clinkz/clinkz.vmdl_c	--dirs 8 --frame 160 --world 160 --margin 1.4 --fps 12 --max-frames 12 --pixel --light 1.3 --anims cast=cast@0-0.75,walk=run,idle=idle,attack=attack@0.12-0.7,death=death	models/items/clinkz/clinkz_the_faith_of_avengers_back/clinkz_the_faith_of_avengers_back.vmdl_c,models/items/clinkz/clinkz_the_faith_of_avengers_head/clinkz_the_faith_of_avengers_head.vmdl_c,models/items/clinkz/clinkz_the_faith_of_avengers_shoulder/clinkz_the_faith_of_avengers_shoulder.vmdl_c,models/items/clinkz/clinkz_the_faith_of_avengers_weapon/clinkz_the_faith_of_avengers_weapon.vmdl_c
axe@armor_of_the_wrought_legion	models/heroes/axe/axe.vmdl_c	--dirs 8 --frame 160 --world 160 --margin 1.4 --fps 12 --max-frames 12 --pixel --anims cast=cast@0-0.75,walk=run,idle=idle,attack=attack@0.12-0.7,death=death	models/items/axe/armor_of_the_wrought_legion_armor/armor_of_the_wrought_legion_armor.vmdl_c,models/items/axe/armor_of_the_wrought_legion_belt/armor_of_the_wrought_legion_belt.vmdl_c,models/items/axe/armor_of_the_wrought_legion_head/armor_of_the_wrought_legion_head.vmdl_c,models/items/axe/armor_of_the_wrought_legion_misc/armor_of_the_wrought_legion_misc.vmdl_c,models/items/axe/armor_of_the_wrought_legion_weapon/armor_of_the_wrought_legion_weapon.vmdl_c
dragon_knight@ascension	models/heroes/dragon_knight/dragon_knight.vmdl_c	--dirs 8 --frame 160 --world 160 --margin 1.4 --fps 12 --max-frames 12 --pixel --anims cast=cast@0-0.75,walk=run,idle=idle,attack=attack@0.12-0.7,death=death	models/items/dragon_knight/ascension_arms/ascension_arms.vmdl_c,models/items/dragon_knight/ascension_back/ascension_back.vmdl_c,models/items/dragon_knight/ascension_head/ascension_head.vmdl_c,models/items/dragon_knight/ascension_offhand/ascension_offhand.vmdl_c,models/items/dragon_knight/ascension_shoulder/ascension_shoulder.vmdl_c,models/items/dragon_knight/ascension_weapon/ascension_weapon.vmdl_c
kunkka@inquisitor_tide	models/heroes/kunkka/kunkka.vmdl_c	--dirs 8 --frame 160 --world 160 --margin 1.4 --fps 12 --max-frames 12 --pixel --anims cast=cast@0-0.75,walk=run,idle=idle,attack=attack@0.12-0.7,death=death	models/items/kunkka/inquisitor_tide_back/inquisitor_tide_back.vmdl_c,models/items/kunkka/inquisitor_tide_belt/inquisitor_tide_belt.vmdl_c,models/items/kunkka/inquisitor_tide_head/inquisitor_tide_head.vmdl_c,models/items/kunkka/inquisitor_tide_legs/inquisitor_tide_legs.vmdl_c,models/items/kunkka/inquisitor_tide_misc/inquisitor_tide_misc.vmdl_c,models/items/kunkka/inquisitor_tide_shoulder/inquisitor_tide_shoulder.vmdl_c,models/items/kunkka/inquisitor_tide_weapon/inquisitor_tide_weapon.vmdl_c
venomancer@deathbringer	models/heroes/venomancer/venomancer.vmdl_c	--dirs 8 --frame 160 --world 160 --margin 1.4 --fps 12 --max-frames 12 --pixel --anims cast=cast@0-0.75,walk=run,idle=idle,attack=attack@0.12-0.7,death=death	models/items/venomancer/deathbringer_arms/deathbringer_arms.vmdl_c,models/items/venomancer/deathbringer_head/deathbringer_head.vmdl_c,models/items/venomancer/deathbringer_shoulders/deathbringer_shoulders.vmdl_c,models/items/venomancer/deathbringer_tail/deathbringer_tail.vmdl_c
witch_doctor@father_of_the_fungal_forest	models/heroes/witchdoctor/witchdoctor.vmdl_c	--dirs 8 --frame 160 --world 160 --margin 1.4 --fps 12 --max-frames 12 --pixel --anims cast=cast@0-0.75,walk=run,idle=idle,attack=attack@0.12-0.7,death=death	models/items/witchdoctor/father_of_the_fungal_forest_back/father_of_the_fungal_forest_back.vmdl_c,models/items/witchdoctor/father_of_the_fungal_forest_belt/father_of_the_fungal_forest_belt.vmdl_c,models/items/witchdoctor/father_of_the_fungal_forest_head/father_of_the_fungal_forest_head.vmdl_c,models/items/witchdoctor/father_of_the_fungal_forest_shoulder/father_of_the_fungal_forest_shoulder.vmdl_c,models/items/witchdoctor/father_of_the_fungal_forest_weapon/father_of_the_fungal_forest_weapon.vmdl_c
luna@bounch_luna	models/heroes/luna/luna.vmdl_c	--dirs 8 --frame 160 --world 160 --margin 1.4 --fps 12 --max-frames 12 --pixel --anims cast=cast@0-0.75,walk=run,idle=idle,attack=attack@0.12-0.7,death=death	models/items/luna/bounch_luna_head/bounch_luna_head.vmdl_c,models/items/luna/bounch_luna_mount/bounch_luna_mount.vmdl_c,models/items/luna/bounch_luna_offhand/bounch_luna_offhand.vmdl_c,models/items/luna/bounch_luna_shoulder/bounch_luna_shoulder.vmdl_c,models/items/luna/bounch_luna_weapon/bounch_luna_weapon.vmdl_c
bloodseeker@blood_covenant	models/heroes/blood_seeker/blood_seeker.vmdl_c	--dirs 8 --frame 160 --world 160 --margin 1.4 --fps 12 --max-frames 12 --pixel --anims cast=cast@0-0.75,walk=run,idle=idle,attack=attack@0.12-0.7,death=death	models/items/blood_seeker/blood_covenant_arms/blood_covenant_arms.vmdl_c,models/items/blood_seeker/blood_covenant_back/blood_covenant_back.vmdl_c,models/items/blood_seeker/blood_covenant_belt/blood_covenant_belt.vmdl_c,models/items/blood_seeker/blood_covenant_head/blood_covenant_head.vmdl_c,models/items/blood_seeker/blood_covenant_offhand/blood_covenant_offhand.vmdl_c,models/items/blood_seeker/blood_covenant_shoulder/blood_covenant_shoulder.vmdl_c,models/items/blood_seeker/blood_covenant_weapon/blood_covenant_weapon.vmdl_c
riki@frosty_blow	models/heroes/rikimaru/rikimaru.vmdl_c	--dirs 8 --frame 160 --world 160 --margin 1.4 --fps 12 --max-frames 12 --pixel --light 1.3 --anims cast=cast@0-0.75,walk=run,idle=idle,attack=attack@0.12-0.7,death=death,spin=tricks|trade	models/items/rikimaru/frosty_blow_arms/frosty_blow_arms.vmdl_c,models/items/rikimaru/frosty_blow_head/frosty_blow_head.vmdl_c,models/items/rikimaru/frosty_blow_offhand/frosty_blow_offhand.vmdl_c,models/items/rikimaru/frosty_blow_shoulder/frosty_blow_shoulder.vmdl_c,models/items/rikimaru/frosty_blow_tail/frosty_blow_tail.vmdl_c,models/items/rikimaru/frosty_blow_weapon/frosty_blow_weapon.vmdl_c
huskar@armor_of_reckless_vigor	models/heroes/huskar/huskar.vmdl_c	--dirs 8 --frame 160 --world 160 --margin 1.4 --fps 12 --max-frames 12 --pixel --anims cast=cast@0-0.75,walk=run,idle=idle,attack=attack@0.12-0.7,death=death	models/items/huskar/armor_of_reckless_vigor_arms/armor_of_reckless_vigor_arms.vmdl_c,models/items/huskar/armor_of_reckless_vigor_head/armor_of_reckless_vigor_head.vmdl_c,models/items/huskar/armor_of_reckless_vigor_offhand/armor_of_reckless_vigor_offhand.vmdl_c,models/items/huskar/armor_of_reckless_vigor_shoulder/armor_of_reckless_vigor_shoulder.vmdl_c,models/items/huskar/armor_of_reckless_vigor_weapon/armor_of_reckless_vigor_weapon.vmdl_c
slardar@deep_one_slayer	models/heroes/slardar/slardar.vmdl_c	--dirs 8 --frame 160 --world 160 --margin 1.4 --fps 12 --max-frames 12 --pixel --anims cast=cast@0-0.75,walk=run,idle=idle,attack=attack@0.12-0.7,death=death	models/items/slardar/deep_one_slayer_arms/deep_one_slayer_arms.vmdl_c,models/items/slardar/deep_one_slayer_back/deep_one_slayer_back.vmdl_c,models/items/slardar/deep_one_slayer_head/deep_one_slayer_head.vmdl_c,models/items/slardar/deep_one_slayer_weapon/deep_one_slayer_weapon.vmdl_c
tiny@scarletquarry	models/heroes/tiny/tiny_02/tiny_02.vmdl_c	--dirs 8 --frame 160 --world 160 --margin 1.4 --fps 12 --max-frames 12 --pixel --anims cast=cast@0-0.75,walk=run,idle=idle,attack=attack@0.12-0.7,death=death	models/items/tiny/scarletquarry_armor/scarletquarry_armor.vmdl_c,models/items/tiny/scarletquarry_arms/scarletquarry_arms.vmdl_c,models/items/tiny/scarletquarry_head/scarletquarry_head.vmdl_c,models/items/tiny/scarletquarry_offhand/scarletquarry_offhand.vmdl_c,models/items/tiny/scarletquarry_weapon/scarletquarry_weapon.vmdl_c
chaos_knight@burning_nightmare_chaos_knight	models/heroes/chaos_knight/chaos_knight.vmdl_c	--dirs 8 --frame 160 --world 160 --margin 1.4 --fps 12 --max-frames 12 --pixel --light 1.3 --anims cast=cast@0-0.75,walk=run,idle=idle,attack=attack@0.12-0.7,death=death	models/items/chaos_knight/burning_nightmare_chaos_knight_head/burning_nightmare_chaos_knight_head.vmdl_c,models/items/chaos_knight/burning_nightmare_chaos_knight_mount/burning_nightmare_chaos_knight_mount.vmdl_c,models/items/chaos_knight/burning_nightmare_chaos_knight_off_hand/burning_nightmare_chaos_knight_off_hand.vmdl_c,models/items/chaos_knight/burning_nightmare_chaos_knight_shoulder/burning_nightmare_chaos_knight_shoulder.vmdl_c,models/items/chaos_knight/burning_nightmare_chaos_knight_weapon/burning_nightmare_chaos_knight_weapon.vmdl_c
night_stalker@black_nihility	models/heroes/nightstalker/nightstalker.vmdl_c	--dirs 8 --frame 160 --world 160 --margin 1.4 --fps 12 --max-frames 12 --pixel --light 1.3 --anims cast=cast@0-0.75,walk=run,idle=idle,attack=attack@0.12-0.7,death=death	models/items/nightstalker/black_nihility/black_nihility_arms.vmdl_c,models/items/nightstalker/black_nihility/black_nihility_back.vmdl_c,models/items/nightstalker/black_nihility/black_nihility_head.vmdl_c,models/items/nightstalker/black_nihility/black_nihility_legs.vmdl_c,models/items/nightstalker/black_nihility/black_nihility_tail.vmdl_c
doom@ancient_beast	models/heroes/doom/doom.vmdl_c	--dirs 8 --frame 160 --world 160 --margin 1.4 --fps 12 --max-frames 12 --pixel --anims cast=cast@0-0.75,walk=run,idle=idle,attack=attack@0.12-0.7,death=death	models/items/doom/ancient_beast_arms/ancient_beast_arms.vmdl_c,models/items/doom/ancient_beast_back/ancient_beast_back.vmdl_c,models/items/doom/ancient_beast_belt/ancient_beast_belt.vmdl_c,models/items/doom/ancient_beast_head/ancient_beast_head.vmdl_c,models/items/doom/ancient_beast_shoulders/ancient_beast_shoulders.vmdl_c,models/items/doom/ancient_beast_tail/ancient_beast_tail.vmdl_c,models/items/doom/ancient_beast_weapon/ancient_beast_weapon.vmdl_c
templar_assassin@blessed_gifts_of_the_temple	models/heroes/lanaya/lanaya.vmdl_c	--dirs 8 --frame 160 --world 160 --margin 1.4 --fps 12 --max-frames 12 --pixel --anims cast=cast@0-0.75,walk=run,idle=idle,attack=attack@0.12-0.7,death=death	models/items/lanaya/blessed_gifts_of_the_temple_armor/blessed_gifts_of_the_temple_armor.vmdl_c,models/items/lanaya/blessed_gifts_of_the_temple_head/blessed_gifts_of_the_temple_head.vmdl_c,models/items/lanaya/blessed_gifts_of_the_temple_shoulder/blessed_gifts_of_the_temple_shoulder.vmdl_c,models/items/lanaya/blessed_gifts_of_the_temple_weapon/blessed_gifts_of_the_temple_weapon.vmdl_c
medusa@jewelled_splendor	models/heroes/medusa/medusa.vmdl_c	--dirs 8 --frame 160 --world 160 --margin 1.4 --fps 12 --max-frames 12 --pixel --anims cast=cast@0-0.75,walk=run,idle=idle,attack=attack@0.12-0.7,death=death	models/items/medusa/jewelled_splendor_armor/jewelled_splendor_armor.vmdl_c,models/items/medusa/jewelled_splendor_arms/jewelled_splendor_arms.vmdl_c,models/items/medusa/jewelled_splendor_head/jewelled_splendor_head.vmdl_c,models/items/medusa/jewelled_splendor_tail/jewelled_splendor_tail.vmdl_c,models/items/medusa/jewelled_splendor_weapon/jewelled_splendor_weapon.vmdl_c
silencer@silent_guardian	models/heroes/silencer/silencer.vmdl_c	--dirs 8 --frame 160 --world 160 --margin 1.4 --fps 12 --max-frames 12 --pixel --anims cast=cast@0-0.75,walk=run,idle=idle,attack=attack@0.12-0.7,death=death	models/items/silencer/silent_guardian_arms/silent_guardian_arms.vmdl_c,models/items/silencer/silent_guardian_belt/silent_guardian_belt.vmdl_c,models/items/silencer/silent_guardian_head/silent_guardian_head.vmdl_c,models/items/silencer/silent_guardian_off_hand/silent_guardian_off_hand.vmdl_c,models/items/silencer/silent_guardian_shoulder/silent_guardian_shoulder.vmdl_c,models/items/silencer/silent_guardian_weapon/silent_guardian_weapon.vmdl_c
dazzle@darkclaw_acolyte	models/heroes/dazzle/dazzle.vmdl_c	--dirs 8 --frame 160 --world 160 --margin 1.4 --fps 12 --max-frames 12 --pixel --anims cast=cast@0-0.75,walk=run,idle=idle,attack=attack@0.12-0.7,death=death	models/items/dazzle/darkclaw_acolyte_arms/darkclaw_acolyte_arms.vmdl_c,models/items/dazzle/darkclaw_acolyte_back/darkclaw_acolyte_back.vmdl_c,models/items/dazzle/darkclaw_acolyte_legs/darkclaw_acolyte_legs.vmdl_c,models/items/dazzle/darkclaw_acolyte_misc/darkclaw_acolyte_misc.vmdl_c,models/items/dazzle/darkclaw_acolyte_weapon/darkclaw_acolyte_weapon.vmdl_c
shadow_shaman@eyedancer_wrath	models/heroes/shadowshaman/shadowshaman.vmdl_c	--dirs 8 --frame 160 --world 160 --margin 1.4 --fps 12 --max-frames 12 --pixel --anims cast=cast@0-0.75,walk=run,idle=idle,attack=attack@0.12-0.7,death=death	models/items/shadowshaman/eyedancer_wrath_arms/eyedancer_wrath_arms.vmdl_c,models/items/shadowshaman/eyedancer_wrath_belt/eyedancer_wrath_belt.vmdl_c,models/items/shadowshaman/eyedancer_wrath_head/eyedancer_wrath_head.vmdl_c,models/items/shadowshaman/eyedancer_wrath_offhand/eyedancer_wrath_offhand.vmdl_c,models/items/shadowshaman/eyedancer_wrath_weapon/eyedancer_wrath_weapon.vmdl_c
warlock@grimoires	models/heroes/warlock/warlock.vmdl_c	--dirs 8 --frame 160 --world 160 --margin 1.4 --fps 12 --max-frames 12 --pixel --anims cast=cast@0-0.75,walk=run,idle=idle,attack=attack@0.12-0.7,death=death	models/items/warlock/grimoires_arms/grimoires_arms.vmdl_c,models/items/warlock/grimoires_back/grimoires_back.vmdl_c,models/items/warlock/grimoires_belt/grimoires_belt.vmdl_c,models/items/warlock/grimoires_head/grimoires_head.vmdl_c,models/items/warlock/grimoires_offhand/grimoires_offhand.vmdl_c,models/items/warlock/grimoires_shoulder/grimoires_shoulder.vmdl_c,models/items/warlock/grimoires_weapon/grimoires_weapon.vmdl_c
tinker@deep_sea_robot	models/heroes/tinker/tinker.vmdl_c	--dirs 8 --frame 160 --world 160 --margin 1.4 --fps 12 --max-frames 12 --pixel --anims cast=cast@0-0.75,walk=run,idle=idle,attack=attack@0.12-0.7,death=death	models/items/tinker/deep_sea_robot_back/deep_sea_robot_back.vmdl_c,models/items/tinker/deep_sea_robot_head/deep_sea_robot_head.vmdl_c,models/items/tinker/deep_sea_robot_off_hand/deep_sea_robot_off_hand.vmdl_c,models/items/tinker/deep_sea_robot_shoulder/deep_sea_robot_shoulder.vmdl_c,models/items/tinker/deep_sea_robot_weapon/deep_sea_robot_weapon.vmdl_c
omniknight@divine_anvil	models/heroes/omniknight/omniknight.vmdl_c	--dirs 8 --frame 160 --world 160 --margin 1.4 --fps 12 --max-frames 12 --pixel --anims cast=cast@0-0.75,walk=run,idle=idle,attack=attack@0.12-0.7,death=death	models/items/omniknight/divine_anvil_arms/divine_anvil_arms.vmdl_c,models/items/omniknight/divine_anvil_back/divine_anvil_back.vmdl_c,models/items/omniknight/divine_anvil_head/divine_anvil_head.vmdl_c,models/items/omniknight/divine_anvil_shoulder/divine_anvil_shoulder.vmdl_c,models/items/omniknight/divine_anvil_weapon/divine_anvil_weapon.vmdl_c
abaddon@blackmist_reaper	models/heroes/abaddon/abaddon.vmdl_c	--dirs 8 --frame 160 --world 160 --margin 1.4 --fps 12 --max-frames 12 --pixel --light 1.3 --anims cast=cast@0-0.75,walk=run,idle=idle,attack=attack@0.12-0.7,death=death	models/items/abaddon/abaddon_blackmist_reaper_back/abaddon_blackmist_reaper_back.vmdl_c,models/items/abaddon/abaddon_blackmist_reaper_head/abaddon_blackmist_reaper_head.vmdl_c,models/items/abaddon/abaddon_blackmist_reaper_mount/abaddon_blackmist_reaper_mount.vmdl_c,models/items/abaddon/abaddon_blackmist_reaper_shoulder/abaddon_blackmist_reaper_shoulder.vmdl_c,models/items/abaddon/abaddon_blackmist_reaper_weapon/abaddon_blackmist_reaper_weapon.vmdl_c
beastmaster@beast_heart_marauder	models/heroes/beastmaster/beastmaster.vmdl_c	--dirs 8 --frame 160 --world 160 --margin 1.4 --fps 12 --max-frames 12 --pixel --anims cast=cast@0-0.75,walk=run,idle=idle,attack=attack@0.12-0.7,death=death	models/items/beastmaster/beast_heart_marauder_arms/beast_heart_marauder_arms.vmdl_c,models/items/beastmaster/beast_heart_marauder_belt/beast_heart_marauder_belt.vmdl_c,models/items/beastmaster/beast_heart_marauder_head/beast_heart_marauder_head.vmdl_c,models/items/beastmaster/beast_heart_marauder_shoulder/beast_heart_marauder_shoulder.vmdl_c,models/items/beastmaster/beast_heart_marauder_weapon/beast_heart_marauder_weapon.vmdl_c
brewmaster@brew_jousting_panda_and_donkey_kong	models/heroes/brewmaster/brewmaster.vmdl_c	--dirs 8 --frame 160 --world 160 --margin 1.4 --fps 12 --max-frames 12 --pixel --anims cast=cast@0-0.75,walk=run,idle=idle,attack=attack@0.12-0.7,death=death	models/items/brewmaster/brew_jousting_panda_and_donkey_kong_arms/brew_jousting_panda_and_donkey_kong_arms.vmdl_c,models/items/brewmaster/brew_jousting_panda_and_donkey_kong_back/brew_jousting_panda_and_donkey_kong_back.vmdl_c,models/items/brewmaster/brew_jousting_panda_and_donkey_kong_head/brew_jousting_panda_and_donkey_kong_head.vmdl_c,models/items/brewmaster/brew_jousting_panda_and_donkey_kong_off_hand/brew_jousting_panda_and_donkey_kong_off_hand.vmdl_c,models/items/brewmaster/brew_jousting_panda_and_donkey_kong_shoulder/brew_jousting_panda_and_donkey_kong_shoulder.vmdl_c,models/items/brewmaster/brew_jousting_panda_and_donkey_kong_weapon/brew_jousting_panda_and_donkey_kong_weapon.vmdl_c
centaur@armor_of_unstoppable_force	models/heroes/centaur/centaur.vmdl_c	--dirs 8 --frame 160 --world 160 --margin 1.4 --fps 12 --max-frames 12 --pixel --anims cast=cast@0-0.75,walk=run,idle=idle,attack=attack@0.12-0.7,death=death	models/items/centaur/armor_of_unstoppable_force_arms/armor_of_unstoppable_force_arms.vmdl_c,models/items/centaur/armor_of_unstoppable_force_back/armor_of_unstoppable_force_back.vmdl_c,models/items/centaur/armor_of_unstoppable_force_belt/armor_of_unstoppable_force_belt.vmdl_c,models/items/centaur/armor_of_unstoppable_force_head/armor_of_unstoppable_force_head.vmdl_c,models/items/centaur/armor_of_unstoppable_force_shoulder/armor_of_unstoppable_force_shoulder.vmdl_c,models/items/centaur/armor_of_unstoppable_force_tail/armor_of_unstoppable_force_tail.vmdl_c,models/items/centaur/armor_of_unstoppable_force_weapon/armor_of_unstoppable_force_weapon.vmdl_c
dark_seer@aqwanderer	models/heroes/dark_seer/dark_seer.vmdl_c	--dirs 8 --frame 160 --world 160 --margin 1.4 --fps 12 --max-frames 12 --pixel --light 1.3 --anims cast=cast@0-0.75,walk=run,idle=idle,attack=attack@0.12-0.7,death=death	models/items/dark_seer/aqwanderer_arms/aqwanderer_arms.vmdl_c,models/items/dark_seer/aqwanderer_back/aqwanderer_back.vmdl_c,models/items/dark_seer/aqwanderer_head/aqwanderer_head.vmdl_c,models/items/dark_seer/aqwanderer_legs/aqwanderer_legs.vmdl_c,models/items/dark_seer/aqwanderer_shoulders/aqwanderer_shoulders.vmdl_c
death_prophet@awakened_thirst	models/heroes/death_prophet/death_prophet.vmdl_c	--dirs 8 --frame 160 --world 160 --margin 1.4 --fps 12 --max-frames 12 --pixel --light 1.3 --anims cast=cast@0-0.75,walk=run,idle=idle,attack=attack@0.12-0.7,death=death	models/items/death_prophet/awakened_thirst_armor/awakened_thirst_armor.vmdl_c,models/items/death_prophet/awakened_thirst_belt/awakened_thirst_belt.vmdl_c,models/items/death_prophet/awakened_thirst_head/awakened_thirst_head.vmdl_c,models/items/death_prophet/awakened_thirst_legs/awakened_thirst_legs.vmdl_c,models/items/death_prophet/awakened_thirst_misc/awakened_thirst_misc.vmdl_c
disruptor@kirin_rider	models/heroes/disruptor/disruptor.vmdl_c	--dirs 8 --frame 160 --world 160 --margin 1.4 --fps 12 --max-frames 12 --pixel --anims cast=cast@0-0.75,walk=run,idle=idle,attack=attack@0.12-0.7,death=death	models/items/disruptor/disruptor_kirin_rider_arms/disruptor_kirin_rider_arms.vmdl_c,models/items/disruptor/disruptor_kirin_rider_back/disruptor_kirin_rider_back.vmdl_c,models/items/disruptor/disruptor_kirin_rider_head/disruptor_kirin_rider_head.vmdl_c,models/items/disruptor/disruptor_kirin_rider_legs/disruptor_kirin_rider_legs.vmdl_c,models/items/disruptor/disruptor_kirin_rider_shoulder/disruptor_kirin_rider_shoulder.vmdl_c,models/items/disruptor/disruptor_kirin_rider_weapon/disruptor_kirin_rider_weapon.vmdl_c
lycan@ascension_of_the_hallowed_beast	models/heroes/lycan/lycan.vmdl_c	--dirs 8 --frame 160 --world 160 --margin 1.4 --fps 12 --max-frames 12 --pixel --anims cast=cast@0-0.75,walk=run,idle=idle,attack=attack@0.12-0.7,death=death	models/items/lycan/_ascension_of_the_hallowed_beast_armor/_ascension_of_the_hallowed_beast_armor.vmdl_c,models/items/lycan/_ascension_of_the_hallowed_beast_arms/_ascension_of_the_hallowed_beast_arms.vmdl_c,models/items/lycan/_ascension_of_the_hallowed_beast_head/_ascension_of_the_hallowed_beast_head.vmdl_c,models/items/lycan/_ascension_of_the_hallowed_beast_shoulder/_ascension_of_the_hallowed_beast_shoulder.vmdl_c,models/items/lycan/_ascension_of_the_hallowed_beast_tail/_ascension_of_the_hallowed_beast_tail.vmdl_c
lone_druid@elemental_curse	models/heroes/lone_druid/lone_druid.vmdl_c	--dirs 8 --frame 160 --world 160 --margin 1.4 --fps 12 --max-frames 12 --pixel --anims cast=cast@0-0.75,walk=run,idle=idle,attack=attack@0.12-0.7,death=death	models/items/lone_druid/elemental_curse_set_arms/elemental_curse_set_arms.vmdl_c,models/items/lone_druid/elemental_curse_set_back/elemental_curse_set_back.vmdl_c,models/items/lone_druid/elemental_curse_set_head/elemental_curse_set_head.vmdl_c,models/items/lone_druid/elemental_curse_set_shoulder/elemental_curse_set_shoulder.vmdl_c
alchemist@jungle_chief	models/heroes/alchemist/alchemist.vmdl_c	--dirs 8 --frame 160 --world 160 --margin 1.4 --fps 12 --max-frames 12 --pixel --anims cast=cast@0-0.75,walk=run,idle=idle,attack=attack@0.12-0.7,death=death	models/items/alchemist/alchemist_jungle_chief_armor/alchemist_jungle_chief_armor.vmdl_c,models/items/alchemist/alchemist_jungle_chief_arms/alchemist_jungle_chief_arms.vmdl_c,models/items/alchemist/alchemist_jungle_chief_back/alchemist_jungle_chief_back.vmdl_c,models/items/alchemist/alchemist_jungle_chief_neck/alchemist_jungle_chief_neck.vmdl_c,models/items/alchemist/alchemist_jungle_chief_off_hand/alchemist_jungle_chief_off_hand.vmdl_c,models/items/alchemist/alchemist_jungle_chief_shoulder/alchemist_jungle_chief_shoulder.vmdl_c,models/heroes/alchemist/alchemist_scabbard.vmdl_c
bane@nightmare_demon_mage	models/heroes/bane/bane.vmdl_c	--dirs 8 --frame 160 --world 160 --margin 1.4 --fps 12 --max-frames 12 --pixel --light 1.4 --anims cast=cast@0-0.75,walk=run,idle=idle,attack=attack@0.12-0.7,death=death	models/items/bane/bane_nightmare_demon_mage_arms/bane_nightmare_demon_mage_arms.vmdl_c,models/items/bane/bane_nightmare_demon_mage_back/bane_nightmare_demon_mage_back.vmdl_c,models/items/bane/bane_nightmare_demon_mage_head/bane_nightmare_demon_mage_head.vmdl_c,models/items/bane/bane_nightmare_demon_mage_shoulder/bane_nightmare_demon_mage_shoulder.vmdl_c
batrider@flaming_boogeyman	models/heroes/batrider/batrider.vmdl_c	--dirs 8 --frame 160 --world 160 --margin 1.4 --fps 12 --max-frames 12 --pixel --anims cast=cast@0-0.75,walk=run,idle=idle,attack=attack@0.12-0.7,death=death	models/items/batrider/flaming_boogeyman_belt/flaming_boogeyman_belt.vmdl_c,models/items/batrider/flaming_boogeyman_head/flaming_boogeyman_head.vmdl_c,models/items/batrider/flaming_boogeyman_mount/flaming_boogeyman_mount.vmdl_c,models/items/batrider/flaming_boogeyman_shoulder/flaming_boogeyman_shoulder.vmdl_c
bounty_hunter@bounty_scout	models/heroes/bounty_hunter/bounty_hunter.vmdl_c	--dirs 8 --frame 160 --world 160 --margin 1.4 --fps 12 --max-frames 12 --pixel --anims cast=cast@0-0.75,walk=run,idle=idle,attack=attack@0.12-0.7,death=death	models/items/bounty_hunter/bounty_scout_armor/bounty_scout_armor.vmdl_c,models/items/bounty_hunter/bounty_scout_back/bounty_scout_back.vmdl_c,models/items/bounty_hunter/bounty_scout_head/bounty_scout_head.vmdl_c,models/items/bounty_hunter/bounty_scout_offhand/bounty_scout_offhand.vmdl_c,models/items/bounty_hunter/bounty_scout_shoulder/bounty_scout_shoulder.vmdl_c,models/items/bounty_hunter/bounty_scout_weapon/bounty_scout_weapon.vmdl_c
broodmother@araknarok_broodmother	models/heroes/broodmother/broodmother.vmdl_c	--dirs 8 --frame 160 --world 160 --margin 1.4 --fps 12 --max-frames 12 --pixel --anims cast=cast@0-0.75,walk=run,idle=idle,attack=attack@0.12-0.7,death=death	models/items/broodmother/araknarok_broodmother_back/araknarok_broodmother_back.vmdl_c,models/items/broodmother/araknarok_broodmother_head/araknarok_broodmother_head.vmdl_c,models/items/broodmother/araknarok_broodmother_legs/araknarok_broodmother_legs.vmdl_c,models/items/broodmother/araknarok_broodmother_misc/araknarok_broodmother_misc.vmdl_c
clockwerk@clock_soul_of_steam	models/heroes/rattletrap/rattletrap.vmdl_c	--dirs 8 --frame 160 --world 160 --margin 1.4 --fps 12 --max-frames 12 --pixel --anims cast=cast@0-0.75,walk=run,idle=idle,attack=attack@0.12-0.7,death=death	models/items/rattletrap/clock_soul_of_steam_armor/clock_soul_of_steam_armor.vmdl_c,models/items/rattletrap/clock_soul_of_steam_head/clock_soul_of_steam_head.vmdl_c,models/items/rattletrap/clock_soul_of_steam_misc/clock_soul_of_steam_misc.vmdl_c,models/items/rattletrap/clock_soul_of_steam_weapon/clock_soul_of_steam_weapon.vmdl_c
earth_spirit@legend_of_the_jade_serpent	models/heroes/earth_spirit/earth_spirit.vmdl_c	--dirs 8 --frame 160 --world 160 --margin 1.4 --fps 12 --max-frames 12 --pixel --anims cast=cast@0-0.75,walk=run,idle=idle,attack=attack@0.12-0.7,death=death	models/items/earth_spirit/legend_of_the_jade_serpent_arms/legend_of_the_jade_serpent_arms.vmdl_c,models/items/earth_spirit/legend_of_the_jade_serpent_belt/legend_of_the_jade_serpent_belt.vmdl_c,models/items/earth_spirit/legend_of_the_jade_serpent_head/legend_of_the_jade_serpent_head.vmdl_c,models/items/earth_spirit/legend_of_the_jade_serpent_neck/legend_of_the_jade_serpent_neck.vmdl_c,models/items/earth_spirit/legend_of_the_jade_serpent_weapon/legend_of_the_jade_serpent_weapon.vmdl_c
elder_titan@harness_of_the_soulforged	models/heroes/elder_titan/elder_titan.vmdl_c	--dirs 8 --frame 160 --world 160 --margin 1.4 --fps 12 --max-frames 12 --pixel --anims cast=cast@0-0.75,walk=run,idle=idle,attack=attack@0.12-0.7,death=death	models/items/elder_titan/harness_of_the_soulforged_arms/harness_of_the_soulforged_arms.vmdl_c,models/items/elder_titan/harness_of_the_soulforged_back/harness_of_the_soulforged_back.vmdl_c,models/items/elder_titan/harness_of_the_soulforged_head/harness_of_the_soulforged_head.vmdl_c,models/items/elder_titan/harness_of_the_soulforged_shoulder/harness_of_the_soulforged_shoulder.vmdl_c,models/items/elder_titan/harness_of_the_soulforged_weapon/harness_of_the_soulforged_weapon.vmdl_c
ember_spirit@blazearmor	models/heroes/ember_spirit/ember_spirit.vmdl_c	--dirs 8 --frame 160 --world 160 --margin 1.4 --fps 12 --max-frames 12 --pixel --anims cast=cast@0-0.75,walk=run,idle=idle,attack=attack@0.12-0.7,death=death,spin=slieght|sleight|fist	models/items/ember_spirit/blazearmor_arms/blazearmor_arms.vmdl_c,models/items/ember_spirit/blazearmor_belt/blazearmor_belt.vmdl_c,models/items/ember_spirit/blazearmor_head/blazearmor_head.vmdl_c,models/items/ember_spirit/blazearmor_offhand/blazearmor_offhand.vmdl_c,models/items/ember_spirit/blazearmor_shoulder/blazearmor_shoulder.vmdl_c,models/items/ember_spirit/blazearmor_weapon/blazearmor_weapon.vmdl_c
grimstroke@tengu_guardian	models/heroes/grimstroke/grimstroke.vmdl_c	--dirs 8 --frame 160 --world 160 --margin 1.4 --fps 12 --max-frames 12 --pixel --light 1.3 --anims cast=cast@0-0.75,walk=run,idle=idle,attack=attack@0.12-0.7,death=death	models/items/grimstroke/tengu_guardian_armor/tengu_guardian_armor.vmdl_c,models/items/grimstroke/tengu_guardian_belt/tengu_guardian_belt.vmdl_c,models/items/grimstroke/tengu_guardian_head/tengu_guardian_head.vmdl_c,models/items/grimstroke/tengu_guardian_weapon/tengu_guardian_weapon.vmdl_c
gyrocopter@flamed_falcon_patrol	models/heroes/gyro/gyro.vmdl_c	--dirs 8 --frame 160 --world 160 --margin 1.4 --fps 12 --max-frames 12 --pixel --anims cast=cast@0-0.75,walk=run,idle=idle,attack=attack@0.12-0.7,death=death	models/items/gyrocopter/flamed_falcon_patrol_back/flamed_falcon_patrol_back.vmdl_c,models/items/gyrocopter/flamed_falcon_patrol_head/flamed_falcon_patrol_head.vmdl_c,models/items/gyrocopter/flamed_falcon_patrol_misc/flamed_falcon_patrol_misc.vmdl_c,models/items/gyrocopter/flamed_falcon_patrol_off_hand/flamed_falcon_patrol_off_hand.vmdl_c,models/items/gyrocopter/flamed_falcon_patrol_weapon/flamed_falcon_patrol_weapon.vmdl_c
keeper_of_the_light@aesir_lord_odin	models/heroes/keeper_of_the_light/keeper_of_the_light.vmdl_c	--dirs 8 --frame 160 --world 160 --margin 1.4 --fps 12 --max-frames 12 --pixel --anims cast=cast@0-0.75,walk=run,idle=idle,attack=attack@0.12-0.7,death=death	models/items/keeper_of_the_light/keeper_of_the_light_aesir_lord_odin_belt/keeper_of_the_light_aesir_lord_odin_belt.vmdl_c,models/items/keeper_of_the_light/keeper_of_the_light_aesir_lord_odin_head/keeper_of_the_light_aesir_lord_odin_head.vmdl_c,models/items/keeper_of_the_light/keeper_of_the_light_aesir_lord_odin_mount/keeper_of_the_light_aesir_lord_odin_mount.vmdl_c,models/items/keeper_of_the_light/keeper_of_the_light_aesir_lord_odin_weapon/keeper_of_the_light_aesir_lord_odin_weapon.vmdl_c
magnus@defender_of_joerlak	models/heroes/magnataur/magnataur.vmdl_c	--dirs 8 --frame 160 --world 160 --margin 1.4 --fps 12 --max-frames 12 --pixel --anims cast=cast@0-0.75,walk=run,idle=idle,attack=attack@0.12-0.7,death=death	models/items/magnataur/defender_of_joerlak_arms/defender_of_joerlak_arms.vmdl_c,models/items/magnataur/defender_of_joerlak_belt/defender_of_joerlak_belt.vmdl_c,models/items/magnataur/defender_of_joerlak_head/defender_of_joerlak_head.vmdl_c,models/items/magnataur/defender_of_joerlak_misc/defender_of_joerlak_misc.vmdl_c,models/items/magnataur/defender_of_joerlak_weapon/defender_of_joerlak_weapon.vmdl_c
mars@arena_champion	models/heroes/mars/mars.vmdl_c	--dirs 8 --frame 160 --world 160 --margin 1.4 --fps 12 --max-frames 12 --pixel --anims cast=cast@0-0.75,walk=run,idle=idle,attack=attack@0.12-0.7,death=death	models/items/mars/mars_arena_champion_armor/mars_arena_champion_armor.vmdl_c,models/items/mars/mars_arena_champion_legs/mars_arena_champion_legs.vmdl_c,models/items/mars/mars_arena_champion_off_hand/mars_arena_champion_off_hand.vmdl_c,models/items/mars/mars_arena_champion_weapon/mars_arena_champion_weapon.vmdl_c
morphling@armor_of_pure_absorption	models/heroes/morphling/morphling.vmdl_c	--dirs 8 --frame 160 --world 160 --margin 1.4 --fps 12 --max-frames 12 --pixel --light 1.3 --anims cast=cast@0-0.75,walk=run,idle=idle,attack=attack@0.12-0.7,death=death	models/items/morphling/armor_of_pure_absorption_arms/armor_of_pure_absorption_arms.vmdl_c,models/items/morphling/armor_of_pure_absorption_back/armor_of_pure_absorption_back.vmdl_c,models/items/morphling/armor_of_pure_absorption_head/armor_of_pure_absorption_head.vmdl_c,models/items/morphling/armor_of_pure_absorption_misc/armor_of_pure_absorption_misc.vmdl_c,models/items/morphling/armor_of_pure_absorption_shoulder/armor_of_pure_absorption_shoulder.vmdl_c
naga_siren@allure_of_the_deep	models/heroes/siren/siren.vmdl_c	--dirs 8 --frame 160 --world 160 --margin 1.4 --fps 12 --max-frames 12 --pixel --anims cast=cast@0-0.75,walk=run,idle=idle,attack=attack@0.12-0.7,death=death	models/items/siren/allure_of_the_deep_armor/allure_of_the_deep_armor.vmdl_c,models/items/siren/allure_of_the_deep_head/allure_of_the_deep_head.vmdl_c,models/items/siren/allure_of_the_deep_legs/allure_of_the_deep_legs.vmdl_c,models/items/siren/allure_of_the_deep_off_hand/allure_of_the_deep_off_hand.vmdl_c,models/items/siren/allure_of_the_deep_weapon/allure_of_the_deep_weapon.vmdl_c
natures_prophet@abyssal_prophet	models/heroes/furion/furion.vmdl_c	--dirs 8 --frame 160 --world 160 --margin 1.4 --fps 12 --max-frames 12 --pixel --anims cast=cast@0-0.75,walk=run,idle=idle,attack=attack@0.12-0.7,death=death	models/items/furion/abyssal_prophet_arms/abyssal_prophet_arms.vmdl_c,models/items/furion/abyssal_prophet_back/abyssal_prophet_back.vmdl_c,models/items/furion/abyssal_prophet_head/abyssal_prophet_head.vmdl_c,models/items/furion/abyssal_prophet_neck/abyssal_prophet_neck.vmdl_c,models/items/furion/abyssal_prophet_shoulder/abyssal_prophet_shoulder.vmdl_c,models/items/furion/abyssal_prophet_weapon/abyssal_prophet_weapon.vmdl_c
nyx_assassin@2023the_one	models/heroes/nerubian_assassin/nerubian_assassin.vmdl_c	--dirs 8 --frame 160 --world 160 --margin 1.4 --fps 12 --max-frames 12 --pixel --light 1.3 --anims cast=cast@0-0.75,walk=run,idle=idle,attack=attack@0.12-0.7,death=death	models/items/nerubian_assassin/2023the_one_back/2023the_one_back.vmdl_c,models/items/nerubian_assassin/2023the_one_head/2023the_one_head.vmdl_c,models/items/nerubian_assassin/2023the_one_misc/2023the_one_misc.vmdl_c,models/items/nerubian_assassin/2023the_one_weapon/2023the_one_weapon.vmdl_c
oracle@celestial_navigator	models/heroes/oracle/oracle.vmdl_c	--dirs 8 --frame 160 --world 160 --margin 1.4 --fps 12 --max-frames 12 --pixel --anims cast=cast@0-0.75,walk=run,idle=idle,attack=attack@0.12-0.7,death=death	models/items/oracle/celestial_navigator_armor/celestial_navigator_armor.vmdl_c,models/items/oracle/celestial_navigator_back/celestial_navigator_back.vmdl_c,models/items/oracle/celestial_navigator_head/celestial_navigator_head.vmdl_c,models/items/oracle/celestial_navigator_weapon/celestial_navigator_weapon.vmdl_c
outworld_destroyer@herald_of_measureless_ruin	models/heroes/obsidian_destroyer/obsidian_destroyer.vmdl_c	--dirs 8 --frame 160 --world 160 --margin 1.4 --fps 12 --max-frames 12 --pixel --light 1.3 --anims cast=cast@0-0.75,walk=run,idle=idle,attack=attack@0.12-0.7,death=death	models/items/obsidian_destroyer/herald_of_measureless_ruin_armor/herald_of_measureless_ruin_armor.vmdl_c,models/items/obsidian_destroyer/herald_of_measureless_ruin_back/herald_of_measureless_ruin_back.vmdl_c,models/items/obsidian_destroyer/herald_of_measureless_ruin_head/herald_of_measureless_ruin_head.vmdl_c,models/items/obsidian_destroyer/herald_of_measureless_ruin_weapon/herald_of_measureless_ruin_weapon.vmdl_c
pangolier@forest_winter_expedition	models/heroes/pangolier/pangolier.vmdl_c	--dirs 8 --frame 160 --world 160 --margin 1.4 --fps 12 --max-frames 12 --pixel --anims cast=cast@0-0.75,walk=run,idle=idle,attack=attack@0.12-0.7,death=death,spin=roll|gyroshell	models/items/pangolier/forest_winter_expedition_armor/forest_winter_expedition_armor.vmdl_c,models/items/pangolier/forest_winter_expedition_head/forest_winter_expedition_head.vmdl_c,models/items/pangolier/forest_winter_expedition_off_hand/forest_winter_expedition_off_hand.vmdl_c,models/items/pangolier/forest_winter_expedition_weapon/forest_winter_expedition_weapon.vmdl_c
sand_king@deserts_deathly_embrace	models/heroes/sand_king/sand_king.vmdl_c	--dirs 8 --frame 160 --world 160 --margin 1.4 --fps 12 --max-frames 12 --pixel --anims cast=cast@0-0.75,walk=run,idle=idle,attack=attack@0.12-0.7,death=death	models/items/sand_king/deserts_deathly_embrace_arms/deserts_deathly_embrace_arms.vmdl_c,models/items/sand_king/deserts_deathly_embrace_head/deserts_deathly_embrace_head.vmdl_c,models/items/sand_king/deserts_deathly_embrace_legs/deserts_deathly_embrace_legs.vmdl_c,models/items/sand_king/deserts_deathly_embrace_shoulder/deserts_deathly_embrace_shoulder.vmdl_c,models/items/sand_king/deserts_deathly_embrace_tail/deserts_deathly_embrace_tail.vmdl_c
shadow_demon@conqueror_measurement	models/heroes/shadow_demon/shadow_demon.vmdl_c	--dirs 8 --frame 160 --world 160 --margin 1.4 --fps 12 --max-frames 12 --pixel --light 1.3 --anims cast=cast@0-0.75,walk=run,idle=idle,attack=attack@0.12-0.7,death=death	models/items/shadow_demon/conqueror_measurement_armor/conqueror_measurement_armor.vmdl_c,models/items/shadow_demon/conqueror_measurement_back/conqueror_measurement_back.vmdl_c,models/items/shadow_demon/conqueror_measurement_belt/conqueror_measurement_belt.vmdl_c,models/items/shadow_demon/conqueror_measurement_tail/conqueror_measurement_tail.vmdl_c
slark@dark_reef	models/heroes/slark/slark.vmdl_c	--dirs 8 --frame 160 --world 160 --margin 1.4 --fps 12 --max-frames 12 --pixel --light 1.3 --anims cast=cast@0-0.75,walk=run,idle=idle,attack=attack@0.12-0.7,death=death	models/items/slark/dark_reef_arms/dark_reef_arms.vmdl_c,models/items/slark/dark_reef_back/dark_reef_back.vmdl_c,models/items/slark/dark_reef_head/dark_reef_head.vmdl_c,models/items/slark/dark_reef_shoulders/dark_reef_shoulders.vmdl_c,models/items/slark/dark_reef_weapon/dark_reef_weapon.vmdl_c
snapfire@avalanche_hunteress	models/heroes/snapfire/snapfire.vmdl_c	--dirs 8 --frame 160 --world 160 --margin 1.4 --fps 12 --max-frames 12 --pixel --anims cast=cast@0-0.75,walk=run,idle=idle,attack=attack@0.12-0.7,death=death	models/items/snapfire/snapfire_avalanche_hunteress_armor/snapfire_avalanche_hunteress_armor.vmdl_c,models/items/snapfire/snapfire_avalanche_hunteress_head/snapfire_avalanche_hunteress_head.vmdl_c,models/items/snapfire/snapfire_avalanche_hunteress_mount/snapfire_avalanche_hunteress_mount.vmdl_c,models/items/snapfire/snapfire_avalanche_hunteress_weapon/snapfire_avalanche_hunteress_weapon.vmdl_c
spirit_breaker@elemental_realms	models/heroes/spirit_breaker/spirit_breaker.vmdl_c	--dirs 8 --frame 160 --world 160 --margin 1.4 --fps 12 --max-frames 12 --pixel --light 1.3 --anims cast=cast@0-0.75,walk=run,idle=idle,attack=attack@0.12-0.7,death=death	models/items/spirit_breaker/elemental_realms_arms/elemental_realms_arms.vmdl_c,models/items/spirit_breaker/elemental_realms_belt/elemental_realms_belt.vmdl_c,models/items/spirit_breaker/elemental_realms_head/elemental_realms_head.vmdl_c,models/items/spirit_breaker/elemental_realms_shoulder/elemental_realms_shoulder.vmdl_c,models/items/spirit_breaker/elemental_realms_tail/elemental_realms_tail.vmdl_c,models/items/spirit_breaker/elemental_realms_weapon/elemental_realms_weapon.vmdl_c
timbersaw@chopper_knight	models/heroes/shredder/shredder.vmdl_c	--dirs 8 --frame 160 --world 160 --margin 1.4 --fps 12 --max-frames 12 --pixel --anims cast=cast@0-0.75,walk=run,idle=idle,attack=attack@0.12-0.7,death=death,spin=whirling|chakram	models/items/shredder/chopper_knight_armor/chopper_knight_armor.vmdl_c,models/items/shredder/chopper_knight_back/chopper_knight_back.vmdl_c,models/items/shredder/chopper_knight_head/chopper_knight_head.vmdl_c,models/items/shredder/chopper_knight_off_hand/chopper_knight_off_hand.vmdl_c,models/items/shredder/chopper_knight_shoulder/chopper_knight_shoulder.vmdl_c,models/items/shredder/chopper_knight_weapon/chopper_knight_weapon.vmdl_c
treant@ancient_seal_protector	models/heroes/treant_protector/treant_protector.vmdl_c	--dirs 8 --frame 160 --world 160 --margin 1.4 --fps 12 --max-frames 12 --pixel --anims cast=cast@0-0.75,walk=run,idle=idle,attack=attack@0.12-0.7,death=death	models/items/treant/ancient_seal_protector_set_arms/ancient_seal_protector_set_arms.vmdl_c,models/items/treant/ancient_seal_protector_set_head/ancient_seal_protector_set_head.vmdl_c,models/items/treant/ancient_seal_protector_set_legs/ancient_seal_protector_set_legs.vmdl_c,models/items/treant/ancient_seal_protector_set_shoulder/ancient_seal_protector_set_shoulder.vmdl_c
troll_warlord@the_mythical_vanquisher	models/heroes/troll_warlord/troll_warlord.vmdl_c	--dirs 8 --frame 160 --world 160 --margin 1.4 --fps 12 --max-frames 12 --pixel --anims cast=cast@0-0.75,walk=run,idle=idle,attack=attack@0.12-0.7,death=death	models/items/troll_warlord/the_mythical_vanquisher_armor/the_mythical_vanquisher_armor.vmdl_c,models/items/troll_warlord/the_mythical_vanquisher_armor/the_mythical_vanquisher_shoulder.vmdl_c,models/items/troll_warlord/the_mythical_vanquisher_head/the_mythical_vanquisher_head.vmdl_c,models/items/troll_warlord/the_mythical_vanquisher_weapon/the_mythical_vanquisher_weapon.vmdl_c
tusk@glacial_squad_commander	models/heroes/tuskarr/tuskarr.vmdl_c	--dirs 8 --frame 160 --world 160 --margin 1.4 --fps 12 --max-frames 12 --pixel --anims cast=cast@0-0.75,walk=run,idle=idle,attack=attack@0.12-0.7,death=death	models/items/tuskarr/glacial_squad_commander_set_arms/glacial_squad_commander_set_arms.vmdl_c,models/items/tuskarr/glacial_squad_commander_set_back/glacial_squad_commander_set_back.vmdl_c,models/items/tuskarr/glacial_squad_commander_set_head/glacial_squad_commander_set_head.vmdl_c,models/items/tuskarr/glacial_squad_commander_set_neck/glacial_squad_commander_set_neck.vmdl_c,models/items/tuskarr/glacial_squad_commander_set_shoulder/glacial_squad_commander_set_shoulder.vmdl_c,models/items/tuskarr/glacial_squad_commander_set_weapon/glacial_squad_commander_set_weapon.vmdl_c
void_spirit@vs_cosmic	models/heroes/void_spirit/void_spirit.vmdl_c	--dirs 8 --frame 160 --world 160 --margin 1.4 --fps 12 --max-frames 12 --pixel --anims cast=cast@0-0.75,walk=run,idle=idle,attack=attack@0.12-0.7,death=death	models/items/void_spirit/vs_cosmic/vs_cosmic_armor.vmdl_c,models/items/void_spirit/vs_cosmic/vs_cosmic_belt.vmdl_c,models/items/void_spirit/vs_cosmic/vs_cosmic_head.vmdl_c,models/items/void_spirit/vs_cosmic/vs_cosmic_weapon.vmdl_c
weaver@the_dusk_crawler	models/heroes/weaver/weaver.vmdl_c	--dirs 8 --frame 160 --world 160 --margin 1.4 --fps 12 --max-frames 12 --pixel --anims cast=cast@0-0.75,walk=run,idle=idle,attack=attack@0.12-0.7,death=death	models/items/weaver/the_dusk_crawler_arms/the_dusk_crawler_arms.vmdl_c,models/items/weaver/the_dusk_crawler_back/the_dusk_crawler_back.vmdl_c,models/items/weaver/the_dusk_crawler_head/the_dusk_crawler_head.vmdl_c,models/items/weaver/the_dusk_crawler_legs/the_dusk_crawler_legs.vmdl_c,models/items/weaver/the_dusk_crawler_misc/the_dusk_crawler_misc.vmdl_c
arc_warden@dark_carnival	models/heroes/arc_warden/arc_warden.vmdl_c	--dirs 8 --frame 160 --world 160 --margin 1.4 --fps 12 --max-frames 12 --pixel --anims cast=cast@0-0.75,walk=run,idle=idle,attack=attack@0.12-0.7,death=death	models/items/arc_warden/arc_warden_dark_carnival/arc_warden_dark_carnival_arms.vmdl_c,models/items/arc_warden/arc_warden_dark_carnival/arc_warden_dark_carnival_back.vmdl_c,models/items/arc_warden/arc_warden_dark_carnival/arc_warden_dark_carnival_head.vmdl_c,models/items/arc_warden/arc_warden_dark_carnival/arc_warden_dark_carnival_shoulders.vmdl_c
dawnbreaker@astral_angel	models/heroes/dawnbreaker/dawnbreaker.vmdl_c	--dirs 8 --frame 160 --world 160 --margin 1.4 --fps 12 --max-frames 12 --pixel --anims cast=cast@0-0.75,walk=run,idle=idle,attack=attack@0.12-0.7,death=death,spin=starbreaker|smash	models/items/dawnbreaker/dawnbreaker_astral_angel_armor/dawnbreaker_astral_angel_armor.vmdl_c,models/items/dawnbreaker/dawnbreaker_astral_angel_arms/dawnbreaker_astral_angel_arms.vmdl_c,models/items/dawnbreaker/dawnbreaker_astral_angel_head/dawnbreaker_astral_angel_head.vmdl_c,models/items/dawnbreaker/dawnbreaker_astral_angel_weapon/dawnbreaker_astral_angel_weapon.vmdl_c
hoodwink@screeauk	models/heroes/hoodwink/hoodwink.vmdl_c	--dirs 8 --frame 160 --world 160 --margin 1.4 --fps 12 --max-frames 12 --pixel --anims cast=cast@0-0.75,walk=run,idle=idle,attack=attack@0.12-0.7,death=death	models/items/hoodwink/hoodwink_screeauk/hoodwink_screeauk_armor.vmdl_c,models/items/hoodwink/hoodwink_screeauk/hoodwink_screeauk_head.vmdl_c,models/items/hoodwink/hoodwink_screeauk/hoodwink_screeauk_tail.vmdl_c,models/items/hoodwink/hoodwink_screeauk/hoodwink_screeauk_weapon.vmdl_c
marci@blooming_ornaments	models/heroes/marci/marci_base.vmdl_c	--dirs 8 --frame 160 --world 160 --margin 1.4 --fps 12 --max-frames 12 --pixel --anims cast=cast@0-0.75,walk=run,idle=idle,attack=attack@0.12-0.7,death=death	models/items/marci/marci_blooming_ornaments_armor/marci_blooming_ornaments_armor.vmdl_c,models/items/marci/marci_blooming_ornaments_back/marci_blooming_ornaments_back.vmdl_c,models/items/marci/marci_blooming_ornaments_head/marci_blooming_ornaments_head.vmdl_c,models/items/marci/marci_blooming_ornaments_shoulder/marci_blooming_ornaments_shoulder.vmdl_c
muerta@the_netherbutterfly	models/heroes/muerta/muerta_base.vmdl_c	--dirs 8 --frame 160 --world 160 --margin 1.4 --fps 12 --max-frames 12 --pixel --anims cast=cast@0-0.75,walk=run,idle=idle,attack=attack@0.12-0.7,death=death	models/items/muerta/the_netherbutterfly_armor/the_netherbutterfly_armor.vmdl_c,models/items/muerta/the_netherbutterfly_back/the_netherbutterfly_back.vmdl_c,models/items/muerta/the_netherbutterfly_head/the_netherbutterfly_head.vmdl_c,models/items/muerta/the_netherbutterfly_weapon/the_netherbutterfly_weapon.vmdl_c
primal_beast@pb_dark_behemoth	models/heroes/primal_beast/primal_beast_base.vmdl_c	--dirs 8 --frame 160 --world 160 --margin 1.4 --fps 12 --max-frames 12 --pixel --anims cast=cast@0-0.75,walk=run,idle=idle,attack=attack@0.12-0.7,death=death,spin=trample|onslaught	models/items/primal_beast/pb_dark_behemoth_arms/pb_dark_behemoth_arms.vmdl_c,models/items/primal_beast/pb_dark_behemoth_back/pb_dark_behemoth_back.vmdl_c,models/items/primal_beast/pb_dark_behemoth_head/pb_dark_behemoth_head.vmdl_c,models/items/primal_beast/pb_dark_behemoth_legs/pb_dark_behemoth_legs.vmdl_c
ringmaster@the_royal_jester	models/heroes/ringmaster/ringmaster_base.vmdl_c	--dirs 8 --frame 160 --world 160 --margin 1.4 --fps 12 --max-frames 12 --pixel --anims cast=cast@0-0.75,walk=run,idle=idle,attack=attack@0.12-0.7,death=death	models/items/ringmaster/the_royal_jester_arms/the_royal_jester_arms.vmdl_c,models/items/ringmaster/the_royal_jester_belt/the_royal_jester_belt.vmdl_c,models/items/ringmaster/the_royal_jester_head/the_royal_jester_head.vmdl_c,models/items/ringmaster/the_royal_jester_weapon/the_royal_jester_weapon.vmdl_c
meepo@dosa	models/heroes/meepo/meepo.vmdl_c	--dirs 8 --frame 160 --world 160 --margin 1.4 --fps 12 --max-frames 12 --pixel --anims cast=earthbind|cast@0-0.75,walk=run,idle=idle,attack=attack@0.12-0.7,death=death	models/items/meepo/dosa_arms/dosa_arms.vmdl_c,models/items/meepo/dosa_back/dosa_back.vmdl_c,models/items/meepo/dosa_hat/dosa_hat.vmdl_c,models/items/meepo/dosa_shoulder/dosa_shoulder.vmdl_c,models/items/meepo/dosa_tail/dosa_tail.vmdl_c,models/items/meepo/dosa_weapon/dosa_weapon.vmdl_c
phantom_lancer@anubis_phantom_lancer	models/heroes/phantom_lancer/phantom_lancer.vmdl_c	--dirs 8 --frame 160 --world 160 --margin 1.4 --fps 12 --max-frames 12 --pixel --anims cast=cast@0-0.75,walk=run,idle=idle,attack=attack@0.12-0.7,death=death	models/items/phantom_lancer/anubis_phantom_lancer_arms/anubis_phantom_lancer_arms.vmdl_c,models/items/phantom_lancer/anubis_phantom_lancer_belt/anubis_phantom_lancer_belt.vmdl_c,models/items/phantom_lancer/anubis_phantom_lancer_head/anubis_phantom_lancer_head.vmdl_c,models/items/phantom_lancer/anubis_phantom_lancer_shoulder/anubis_phantom_lancer_shoulder.vmdl_c,models/items/phantom_lancer/anubis_phantom_lancer_weapon/anubis_phantom_lancer_weapon.vmdl_c
enchantress@amberlight	models/heroes/enchantress/enchantress.vmdl_c	--dirs 8 --frame 160 --world 160 --margin 1.4 --fps 12 --max-frames 12 --pixel --anims cast=cast@0-0.75,walk=run,idle=idle,attack=attack@0.12-0.7,death=death	models/items/enchantress/amberlight_arms/amberlight_arms.vmdl_c,models/items/enchantress/amberlight_belt/amberlight_belt.vmdl_c,models/items/enchantress/amberlight_head/amberlight_head.vmdl_c,models/items/enchantress/amberlight_neck/amberlight_neck.vmdl_c,models/items/enchantress/amberlight_weapon/amberlight_weapon.vmdl_c
chen@infernal_psychic	models/heroes/chen/chen.vmdl_c	--dirs 8 --frame 160 --world 160 --margin 1.4 --fps 12 --max-frames 12 --pixel --anims cast=cast@0-0.75,walk=run,idle=idle,attack=attack@0.12-0.7,death=death	models/items/chen/chen_infernal_psychic_arms/chen_infernal_psychic_arms.vmdl_c,models/items/chen/chen_infernal_psychic_head/chen_infernal_psychic_head.vmdl_c,models/items/chen/chen_infernal_psychic_mount/chen_infernal_psychic_mount.vmdl_c,models/items/chen/chen_infernal_psychic_shoulder/chen_infernal_psychic_shoulder.vmdl_c,models/items/chen/chen_infernal_psychic_weapon/chen_infernal_psychic_weapon.vmdl_c
ancient_apparition@aa_cosmic	models/heroes/ancient_apparition/ancient_apparition.vmdl_c	--dirs 8 --frame 160 --world 160 --margin 1.4 --fps 12 --max-frames 12 --pixel --anims cast=cast@0-0.75,walk=run,idle=idle,attack=attack@0.12-0.7,death=death	models/items/ancient_apparition/aa_cosmic/aa_cosmic_arms.vmdl_c,models/items/ancient_apparition/aa_cosmic/aa_cosmic_head.vmdl_c,models/items/ancient_apparition/aa_cosmic/aa_cosmic_shoulders.vmdl_c,models/items/ancient_apparition/aa_cosmic/aa_cosmic_tail.vmdl_c
dark_willow@burglar_of_wasp	models/heroes/dark_willow/dark_willow.vmdl_c	--dirs 8 --frame 160 --world 160 --margin 1.4 --fps 12 --max-frames 12 --pixel --anims cast=cast@0-0.75,walk=run,idle=idle,attack=attack@0.12-0.7,death=death	models/items/dark_willow/burglar_of_wasp_armor/burglar_of_wasp_armor.vmdl_c,models/items/dark_willow/burglar_of_wasp_back/burglar_of_wasp_back.vmdl_c,models/items/dark_willow/burglar_of_wasp_belt/burglar_of_wasp_belt.vmdl_c,models/items/dark_willow/burglar_of_wasp_head/burglar_of_wasp_head.vmdl_c,models/items/dark_willow/burglar_of_wasp_off_hand/burglar_of_wasp_off_hand.vmdl_c
alchemist@meta	models/heroes/alchemist/alchemist.vmdl_c	--dirs 8 --frame 160 --world 160 --margin 1.4 --fps 12 --max-frames 12 --pixel --anims cast=ability_4_pullout@0-0.75,walk=ability_4_run,idle=ability_4_idle,attack=ability_4_attack1@0.12-0.7,death=death	models/heroes/alchemist/alchemist_gauntlets.vmdl_c,models/heroes/alchemist/alchemist_goblin_body.vmdl_c,models/heroes/alchemist/alchemist_goblin_head.vmdl_c,models/heroes/alchemist/alchemist_goblinhat.vmdl_c,models/heroes/alchemist/alchemist_ogre_head.vmdl_c,models/heroes/alchemist/alchemist_scabbard.vmdl_c,models/heroes/alchemist/alchemist_shoulderbottles.vmdl_c
alchemist@frankenstein@meta	models/heroes/alchemist/alchemist.vmdl_c	--dirs 8 --frame 160 --world 160 --margin 1.4 --fps 12 --max-frames 12 --pixel --anims cast=ability_4_pullout@0-0.75,walk=ability_4_run,idle=ability_4_idle,attack=ability_4_attack1@0.12-0.7,death=death	models/items/alchemist/frankenstein_armor/frankenstein_armor.vmdl_c,models/items/alchemist/frankenstein_arms/frankenstein_arms.vmdl_c,models/items/alchemist/frankenstein_back/frankenstein_back.vmdl_c,models/items/alchemist/frankenstein_neck/frankenstein_neck.vmdl_c,models/items/alchemist/frankenstein_off_hand/frankenstein_off_hand.vmdl_c,models/items/alchemist/frankenstein_shoulder/frankenstein_shoulder.vmdl_c,models/items/alchemist/frankenstein_weapon/frankenstein_weapon.vmdl_c
alchemist@jungle_chief@meta	models/heroes/alchemist/alchemist.vmdl_c	--dirs 8 --frame 160 --world 160 --margin 1.4 --fps 12 --max-frames 12 --pixel --anims cast=ability_4_pullout@0-0.75,walk=ability_4_run,idle=ability_4_idle,attack=ability_4_attack1@0.12-0.7,death=death	models/items/alchemist/alchemist_jungle_chief_armor/alchemist_jungle_chief_armor.vmdl_c,models/items/alchemist/alchemist_jungle_chief_arms/alchemist_jungle_chief_arms.vmdl_c,models/items/alchemist/alchemist_jungle_chief_back/alchemist_jungle_chief_back.vmdl_c,models/items/alchemist/alchemist_jungle_chief_neck/alchemist_jungle_chief_neck.vmdl_c,models/items/alchemist/alchemist_jungle_chief_off_hand/alchemist_jungle_chief_off_hand.vmdl_c,models/items/alchemist/alchemist_jungle_chief_shoulder/alchemist_jungle_chief_shoulder.vmdl_c,models/items/alchemist/alchemist_jungle_chief_weapon/alchemist_jungle_chief_weapon.vmdl_c
